Date,Price,Open,High,Low,Vol.,Change %
4/11/2025,86.52,86.32,86.83,85.05,,0.26%
4/10/2025,86.3,85.34,86.7,84.83,,1.15%
4/9/2025,85.31,82.31,85.68,81.62,,3.82%
4/8/2025,82.18,82.23,84.01,82.07,,-0.01%
4/7/2025,82.18,82.43,84.08,80.88,,-0.25%
4/4/2025,82.39,86.49,86.57,81.63,,-4.74%
4/3/2025,86.48,86.17,87.34,85.17,,0.40%
4/2/2025,86.14,85.84,86.77,85.61,,0.37%
4/1/2025,85.82,85.43,85.95,85.22,53.01K,0.48%
3/31/2025,85.41,86.04,86.18,85.04,,-0.65%
3/28/2025,85.97,86.55,86.57,85.92,51.36K,-0.62%
3/27/2025,86.51,86.38,86.77,86.1,,0.20%
3/26/2025,86.34,86.5,86.87,86.14,54.24K,-0.14%
3/25/2025,86.46,86.13,86.81,86.04,48.12K,0.39%
3/24/2025,86.12,86.3,86.61,85.87,50.66K,-0.14%
3/21/2025,86.24,87.1,87.17,86.08,47.74K,-0.96%
3/20/2025,87.07,87.93,88.03,86.66,54.23K,-0.97%
3/19/2025,87.92,88.12,88.23,87.43,,-0.21%
3/18/2025,88.11,88.67,88.74,87.87,49.50K,-0.59%
3/17/2025,88.63,88.04,88.78,87.83,55.79K,0.70%
3/14/2025,88.02,87.5,88.14,87.38,52.07K,0.62%
3/13/2025,87.47,88.19,88.4,87.26,57.69K,-0.77%
3/12/2025,88.16,87.9,88.24,87.59,60.08K,0.33%
3/11/2025,87.87,87.73,88.09,87.43,71.39K,0.17%
3/10/2025,87.72,87.68,88.49,87.5,68.21K,0.09%
3/7/2025,87.64,88.28,88.36,87.32,77.90K,-0.68%
3/6/2025,88.24,88.14,88.71,88.04,76.80K,0.13%
3/5/2025,88.12,87.58,88.26,87.03,,0.67%
3/4/2025,87.54,87,87.6,86.49,86.37K,0.62%
3/3/2025,87.01,86.9,87.45,86.71,67.26K,0.13%
2/28/2025,86.89,87.01,87.13,86.63,67.04K,-0.08%
2/27/2025,86.96,88,88.14,86.94,,-1.17%
2/26/2025,87.99,88.53,88.68,87.85,59.58K,-0.58%
2/25/2025,88.51,88.09,88.65,87.89,,0.52%
2/24/2025,88.05,88.15,88.7,88,61.72K,-0.13%
2/21/2025,88.17,88.74,88.88,88.12,,-0.63%
2/20/2025,88.73,88.27,88.82,88.03,58.58K,0.53%
2/19/2025,88.26,88.39,88.65,88.15,50.77K,-0.09%
2/18/2025,88.34,88.34,88.59,88.06,55.53K,0.04%
2/17/2025,88.31,88.31,88.56,88.13,,0.10%
2/14/2025,88.21,87.85,88.48,87.73,56.49K,0.47%
2/13/2025,87.8,87.4,87.93,86.95,,0.58%
2/12/2025,87.3,87.46,87.69,86.68,61.79K,-0.16%
2/11/2025,87.44,87.87,87.99,86.97,51.57K,-0.44%
2/10/2025,87.82,87.72,88.25,87.17,51.19K,0.12%
2/7/2025,87.72,88,88.23,87.47,,-0.36%
2/6/2025,88.04,87.96,88.13,87.63,58.76K,0.10%
2/5/2025,87.95,87.07,88.14,86.93,,0.97%
2/4/2025,87.11,86.85,87.25,85.99,76.50K,0.30%
2/3/2025,86.85,86.06,87.02,84.34,101.77K,0.91%
1/31/2025,86.07,86.07,86.8,85.97,,0.04%
1/30/2025,86.03,86.26,86.5,85.92,60.46K,-0.27%
1/29/2025,86.26,86.58,86.62,85.98,64.75K,-0.32%
1/28/2025,86.54,86.93,86.96,86.34,,-0.43%
1/27/2025,86.91,87.19,87.23,86.65,64.35K,-0.13%
1/24/2025,87.02,86.96,87.45,86.84,55.47K,0.09%
1/23/2025,86.94,86.65,87.17,86.53,50.12K,0.34%
1/22/2025,86.64,86.93,86.98,86.51,52.54K,-0.26%
1/21/2025,86.87,86.93,87.13,86,,-0.04%
1/20/2025,86.9,85.92,87.09,85.77,49.89K,1.31%
1/17/2025,85.78,86.04,86.32,85.43,,-0.28%
1/16/2025,86.02,86.04,86.3,85.72,53.93K,-0.01%
1/15/2025,86.03,85.87,86.33,85.59,50.16K,0.24%
1/14/2025,85.83,85.58,86.02,85.46,61.48K,0.31%
1/13/2025,85.56,84.59,85.6,84.46,54.68K,1.24%
1/10/2025,84.52,85.15,85.26,84.44,51.97K,-0.65%
1/9/2025,85.07,85.37,85.41,84.84,40.29K,-0.35%
1/8/2025,85.36,85.45,85.66,84.98,54.99K,-0.07%
1/7/2025,85.42,85.79,86.26,85.41,51.52K,-0.36%
1/6/2025,85.73,85.29,86.57,85.16,56.33K,0.56%
1/3/2025,85.25,85.15,85.46,85.04,47.48K,0.17%
1/2/2025,85.11,84.79,85.38,84.73,54.35K,0.33%
1/1/2025,84.82,84.76,84.88,84.72,2.11K,0.09%
12/31/2024,84.75,85.14,85.31,84.64,43.43K,-0.41%
12/30/2024,85.1,84.98,85.47,84.88,49.78K,0.06%
12/27/2024,85.05,84.87,85.41,84.74,49.94K,0.23%
12/26/2024,84.85,85.01,85.32,84.8,39.36K,-0.20%
12/25/2024,85.02,85.1,85.17,84.91,1.73K,0.02%
12/24/2024,85.01,85.1,85.19,84.76,35.58K,-0.06%
12/23/2024,85.06,85.24,85.35,84.69,52.97K,0.06%
12/20/2024,85.01,84.94,85.37,84.6,62.12K,0.16%
12/19/2024,84.88,84.51,85.3,84.25,69.23K,0.45%
12/18/2024,84.5,86.1,86.14,84.46,56.67K,-1.83%
12/17/2024,86.08,86.51,86.62,86,49.74K,-0.47%
12/16/2024,86.48,86.28,86.64,86.14,44.56K,0.21%
12/13/2024,86.29,86.29,86.61,86.08,56.44K,0.04%
12/12/2024,86.26,86.45,87.33,86.18,69.52K,-0.18%
12/11/2024,86.42,86.59,86.76,85.99,61.12K,-0.15%
12/10/2024,86.55,87.31,87.36,86.41,54.27K,-0.82%
12/9/2024,87.27,86.61,87.75,86.46,53.42K,0.80%
12/6/2024,86.57,87.48,87.54,86.35,56.60K,-1.00%
12/5/2024,87.44,87.18,87.52,87.06,48.93K,0.33%
12/4/2024,87.15,87.88,87.94,86.76,62.31K,-0.79%
12/3/2024,87.84,87.74,88.14,87.47,53.38K,0.18%
12/2/2024,87.69,88.09,88.24,87.31,64.09K,-0.35%
11/29/2024,88,87.86,88.27,87.76,59.69K,0.16%
11/28/2024,87.85,87.79,87.98,87.56,43.29K,0.11%
11/27/2024,87.76,87.36,87.85,87.21,62.15K,0.50%
11/26/2024,87.32,87.72,87.82,86.77,70.17K,-0.42%
11/25/2024,87.69,87.9,88.52,87.48,59.33K,-0.17%
11/22/2024,87.83,88.03,88.18,87.47,61.73K,-0.21%
11/21/2024,88.02,87.82,88.33,87.81,49.84K,0.22%
11/20/2024,87.83,88.23,88.41,87.57,44.09K,-0.43%
11/19/2024,88.21,87.87,88.26,87.55,58.55K,0.40%
11/18/2024,87.86,87.25,87.93,87.06,49.00K,0.70%
11/15/2024,87.24,87.14,87.53,86.99,51.27K,0.14%
11/14/2024,87.12,87.61,87.74,86.97,56.51K,-0.49%
11/13/2024,87.55,88.24,88.39,87.48,50.86K,-0.76%
11/12/2024,88.22,88.78,88.89,87.95,50.74K,-0.62%
11/11/2024,88.77,89.03,89.13,88.61,45.16K,-0.07%
11/8/2024,88.83,90.1,90.21,88.53,51.79K,-1.47%
11/7/2024,90.15,88.58,90.3,88.51,56.43K,1.79%
11/6/2024,88.57,89.33,89.44,87.71,85.10K,-0.83%
11/5/2024,89.31,88.63,89.4,88.53,42.78K,0.80%
11/4/2024,88.61,88.5,89.05,88.41,52.32K,0.43%
11/1/2024,88.23,88.55,88.69,88.16,41.83K,-0.33%
10/31/2024,88.53,88.43,88.59,87.97,46.56K,0.14%
10/30/2024,88.4,88.26,88.76,87.92,44.25K,0.18%
10/29/2024,88.25,88.56,88.61,88.04,46.23K,-0.33%
10/28/2024,88.54,88.86,89.21,88.49,47.06K,-0.34%
10/25/2024,88.84,89.33,89.43,88.8,41.65K,-0.54%
10/24/2024,89.32,89.25,89.63,89.07,41.09K,0.10%
10/23/2024,89.23,89.9,90.03,88.98,41.77K,-0.71%
10/22/2024,89.87,89.58,90.08,89.46,41.38K,0.35%
10/21/2024,89.56,90.24,90.46,89.5,40.91K,-0.70%
10/18/2024,90.2,90.08,90.4,90,41.73K,0.14%
10/17/2024,90.07,89.6,90.27,89.49,46.64K,0.54%
10/16/2024,89.58,90.15,90.22,89.48,43.35K,-0.59%
10/15/2024,90.12,90.47,90.58,90.06,46.40K,-0.37%
10/14/2024,90.45,90.62,90.8,90.14,53.61K,-0.37%
10/11/2024,90.79,90.55,90.93,90.44,40.76K,0.28%
10/10/2024,90.54,90.31,90.6,90.15,50.67K,0.34%
10/9/2024,90.24,90.64,90.83,90.1,54.58K,-0.42%
10/8/2024,90.61,90.8,90.98,90.22,59.83K,-0.19%
10/7/2024,90.79,91.48,91.54,90.6,47.87K,-0.54%
10/4/2024,91.28,91.91,92.08,91.16,49.47K,-0.67%
10/3/2024,91.9,92.32,92.41,91.76,54.56K,-0.46%
10/2/2024,92.32,92.31,92.77,92.2,51.74K,0.01%
10/1/2024,92.31,92.66,92.99,91.95,60.06K,-0.39%
9/30/2024,92.67,92.58,93.09,92.34,54.09K,0.26%
9/27/2024,92.43,92.29,92.93,91.95,50.01K,0.17%
9/26/2024,92.28,91.27,92.42,91.19,49.00K,1.13%
9/25/2024,91.24,92.28,92.5,91.19,47.39K,-1.09%
9/24/2024,92.25,91.42,92.3,91.16,48.13K,0.92%
9/23/2024,91.41,90.94,91.64,90.79,41.30K,0.46%
9/20/2024,91,91.24,91.4,90.69,43.68K,-0.27%
9/19/2024,91.25,90.64,91.59,90.28,65.29K,0.69%
9/18/2024,90.62,90.54,91.41,90.35,45.39K,0.12%
9/17/2024,90.52,90.64,90.72,90.37,42.82K,-0.10%
9/16/2024,90.61,90.16,90.67,89.87,39.94K,0.72%
9/13/2024,89.97,90.31,90.47,89.82,39.20K,-0.37%
9/12/2024,90.3,89.68,90.37,89.44,42.73K,0.70%
9/11/2024,89.67,89.44,89.71,88.97,50.64K,0.35%
9/10/2024,89.36,89.48,89.73,89.23,39.51K,-0.11%
9/9/2024,89.46,89.53,89.86,89.3,39.41K,-0.14%
9/6/2024,89.59,90.55,90.92,89.44,55.13K,-1.08%
9/5/2024,90.57,90.35,90.61,90.18,45.16K,0.26%
9/4/2024,90.33,90.17,90.69,89.82,48.63K,0.23%
9/3/2024,90.12,91.2,91.23,90.11,49.47K,-1.15%
9/2/2024,91.17,90.88,91.25,90.67,35.19K,0.45%
8/30/2024,90.76,91.22,91.48,90.58,41.63K,-0.49%
8/29/2024,91.21,91.14,91.59,91.03,43.72K,0.08%
8/28/2024,91.14,91.22,91.51,90.86,42.12K,-0.07%
8/27/2024,91.2,90.91,91.27,90.76,37.55K,0.34%
8/26/2024,90.89,91.09,91.25,90.83,39.49K,-0.29%
8/23/2024,91.16,90.06,91.26,90.01,43.65K,1.22%
8/22/2024,90.06,90.58,90.73,89.95,40.36K,-0.52%
8/21/2024,90.53,90.43,90.8,90.35,39.80K,0.17%
8/20/2024,90.38,90.32,90.51,90,38.82K,0.04%
8/19/2024,90.34,89.58,90.38,89.46,38.39K,0.91%
8/16/2024,89.52,88.82,89.61,88.75,36.14K,0.80%
8/15/2024,88.81,88.61,89.13,88.26,35.78K,0.24%
8/14/2024,88.6,89.13,89.27,88.59,42.63K,-0.56%
8/13/2024,89.1,88.51,89.19,88.39,41.97K,0.71%
8/12/2024,88.48,88.39,88.77,88.18,43.13K,0.22%
8/9/2024,88.28,88.57,88.74,88.2,50.69K,-0.31%
8/8/2024,88.56,87.57,88.6,87.41,59.43K,1.16%
8/7/2024,87.54,87.54,88.34,87.43,68.81K,-0.01%
8/6/2024,87.55,87.18,87.88,86.93,76.88K,0.45%
8/5/2024,87.16,87.31,87.48,85.14,82.76K,-0.07%
8/2/2024,87.22,87.08,87.76,86.88,58.33K,0.16%
8/1/2024,87.08,87.61,87.89,86.92,51.35K,-0.60%
7/31/2024,87.6,87.58,87.83,86.8,54.20K,0.04%
7/30/2024,87.57,87.74,87.93,87.46,40.63K,-0.17%
7/29/2024,87.72,87.79,88.01,87.4,44.76K,0.02%
7/26/2024,87.7,87.57,88.01,87.51,45.76K,0.17%
7/25/2024,87.56,88.16,88.18,87.23,60.00K,-0.66%
7/24/2024,88.14,88.59,88.62,88.1,51.75K,-0.48%
7/23/2024,88.56,88.95,88.98,88.52,44.59K,-0.38%
7/22/2024,88.9,89.58,89.74,88.76,48.41K,-0.61%
7/19/2024,89.45,89.76,89.81,89.43,49.17K,-0.33%
7/18/2024,89.74,89.99,90.24,89.64,53.72K,-0.25%
7/17/2024,89.96,90.05,90.35,89.88,51.64K,-0.09%
7/16/2024,90.04,90.42,90.49,89.79,47.16K,-0.40%
7/15/2024,90.4,90.64,90.8,90.3,47.32K,-0.29%
7/12/2024,90.66,90.38,90.83,90.29,48.02K,0.33%
7/11/2024,90.37,90.18,90.92,90.12,47.83K,0.23%
7/10/2024,90.16,90.05,90.25,89.92,46.18K,0.14%
7/9/2024,90.03,90,90.16,89.82,47.98K,0.04%
7/8/2024,90,90.17,90.29,89.92,49.11K,-0.17%
7/5/2024,90.15,89.88,90.22,89.66,49.05K,0.35%
7/4/2024,89.84,89.62,89.94,89.58,34.30K,0.28%
7/3/2024,89.59,89.07,90.02,89.04,47.88K,0.59%
7/2/2024,89.06,88.92,89.15,88.56,54.83K,0.19%
7/1/2024,88.9,88.96,89.3,88.7,53.76K,-0.04%
6/28/2024,88.93,88.76,89.2,88.37,59.27K,0.22%
6/27/2024,88.74,88.9,89.14,88.71,56.06K,-0.14%
6/26/2024,88.86,88.73,89.42,88.58,54.91K,0.18%
6/25/2024,88.7,88.87,89.08,88.57,51.47K,-0.20%
6/24/2024,88.88,88.76,89.06,88.56,52.26K,0.17%
6/21/2024,88.73,89.06,89.24,88.62,51.19K,-0.37%
6/20/2024,89.06,89.09,89.4,88.98,51.95K,-0.02%
6/19/2024,89.08,88.83,89.18,88.79,37.15K,0.29%
6/18/2024,88.82,88.36,88.87,88.15,56.82K,0.48%
6/17/2024,88.4,88.45,88.59,88.03,47.06K,-0.03%
6/14/2024,88.42,88.69,88.79,88.12,62.47K,-0.30%
6/13/2024,88.69,89.07,89.25,88.57,59.34K,-0.42%
6/12/2024,89.06,88.34,89.64,88.2,63.85K,0.78%
6/11/2024,88.38,88.32,88.44,88.05,55.80K,0.08%
6/10/2024,88.3,87.87,88.35,87.72,51.34K,0.57%
6/7/2024,87.8,89.03,89.19,87.76,58.11K,-1.35%
6/6/2024,89,88.7,89.17,88.59,54.13K,0.38%
6/5/2024,88.66,88.83,89.09,88.38,55.24K,-0.15%
6/4/2024,88.8,88.99,89.19,88.62,62.48K,-0.19%
6/3/2024,88.97,88.85,89.07,88.2,61.91K,0.16%
5/31/2024,88.83,88.43,89.13,88.32,62.33K,0.46%
5/30/2024,88.42,88.16,88.64,87.96,60.09K,0.33%
5/29/2024,88.13,88.5,88.85,88.13,55.64K,-0.38%
5/28/2024,88.47,88.49,88.91,88.4,49.22K,0.01%
5/27/2024,88.46,88.09,88.59,88.04,53.75K,0.43%
5/24/2024,88.09,88.03,88.26,87.73,45.64K,0.08%
5/23/2024,88.01,88.21,88.67,87.92,54.08K,-0.20%
5/22/2024,88.18,88.85,89.13,88.05,52.75K,-0.72%
5/21/2024,88.82,88.91,89.04,88.62,48.34K,-0.08%
5/20/2024,88.9,89.25,89.48,88.83,44.73K,-0.37%
5/17/2024,89.23,89.23,89.36,88.64,49.93K,0.03%
5/16/2024,89.2,89.43,89.73,88.9,56.94K,-0.22%
5/15/2024,89.41,88.55,89.47,88.47,50.91K,1.03%
5/14/2024,88.5,88.33,88.58,87.91,46.71K,0.22%
5/13/2024,88.3,88.21,88.61,87.98,72.51K,0.13%
5/10/2024,88.19,88.45,88.5,88.12,46.18K,-0.27%
5/9/2024,88.43,87.92,88.48,87.7,47.59K,0.60%
5/8/2024,87.9,88.16,88.2,87.63,43.85K,-0.26%
5/7/2024,88.13,88.45,88.78,87.98,52.14K,-0.40%
5/6/2024,88.48,88.45,88.7,88.16,43.06K,0.32%
5/3/2024,88.2,87.68,88.75,87.62,89.16K,0.63%
5/2/2024,87.65,87.08,87.8,86.96,93.25K,0.70%
5/1/2024,87.04,86.39,87.31,86.29,57.76K,0.77%
4/30/2024,86.37,87.66,87.73,86.39,69.55K,-1.50%
4/29/2024,87.69,87.12,87.92,86.96,68.99K,0.68%
4/26/2024,87.1,86.9,87.41,86.87,75.14K,0.26%
4/25/2024,86.87,86.61,87.18,86.44,51.29K,0.29%
4/24/2024,86.62,86.49,87.09,86.43,50.29K,0.15%
4/23/2024,86.49,86.02,86.57,85.89,49.43K,0.55%
4/22/2024,86.02,85.61,86.23,85.59,63.68K,0.37%
4/19/2024,85.7,85.86,85.93,85.03,71.15K,-0.13%
4/18/2024,85.81,86.01,86.31,85.76,84.57K,-0.22%
4/17/2024,86,85.59,86.17,85.54,63.15K,0.52%
4/16/2024,85.56,86.02,86.07,85.4,74.78K,-0.52%
4/15/2024,86,86.29,86.71,85.95,68.61K,-0.25%
4/12/2024,86.22,87.02,87.16,86.16,57.88K,-0.90%
4/11/2024,86.99,86.66,87.24,86.53,56.64K,0.37%
4/10/2024,86.67,88.38,88.42,86.49,57.48K,-1.88%
4/9/2024,88.34,88.04,88.59,87.94,45.47K,0.36%
4/8/2024,88.02,87.68,88.14,87.41,52.75K,0.40%
4/5/2024,87.67,87.96,88.03,87.29,50.40K,-0.31%
4/4/2024,87.94,87.63,88.39,87.59,46.83K,0.37%
4/3/2024,87.62,86.91,87.73,86.77,49.34K,0.77%
4/2/2024,86.95,86.6,87.06,86.48,48.59K,0.43%
4/1/2024,86.58,87.03,87.28,86.48,36.97K,-0.51%
3/29/2024,87.02,86.96,87.2,86.8,23.81K,0.09%
3/28/2024,86.94,87.18,87.27,86.52,51.12K,-0.25%
3/27/2024,87.15,87.06,87.19,86.76,46.82K,0.13%
3/26/2024,87.04,87.3,87.52,87.01,44.87K,-0.28%
3/25/2024,87.28,87.07,87.4,86.88,60.63K,0.38%
3/22/2024,86.95,87.41,87.55,86.8,52.34K,-0.51%
3/21/2024,87.39,87.63,88.23,87.28,55.17K,-0.27%
3/20/2024,87.63,86.8,87.67,86.61,53.41K,1.02%
3/19/2024,86.74,87.02,87.09,86.37,52.10K,-0.27%
3/18/2024,86.98,87.02,87.23,86.88,45.61K,-0.01%
3/15/2024,86.99,87.18,87.27,86.87,51.80K,-0.24%
3/14/2024,87.19,87.79,87.95,87.04,53.39K,-0.64%
3/13/2024,87.75,87.49,87.99,87.4,49.16K,0.33%
3/12/2024,87.47,87.58,87.93,87.2,55.33K,-0.11%
3/11/2024,87.56,87.83,87.92,87.34,54.87K,-0.25%
3/8/2024,87.78,87.7,88.34,87.59,60.94K,0.12%
3/7/2024,87.68,87,87.77,86.94,65.10K,0.81%
3/6/2024,86.97,86.24,87.23,86.1,69.65K,0.84%
3/5/2024,86.25,86.37,86.51,85.93,60.07K,-0.08%
3/4/2024,86.32,86.57,86.71,86.3,54.01K,-0.23%
3/1/2024,86.52,86.23,86.69,86.07,58.39K,0.42%
2/29/2024,86.16,86.19,86.67,86.05,59.74K,-0.03%
2/28/2024,86.19,86.83,86.89,86.09,57.98K,-0.69%
2/27/2024,86.79,86.75,87,86.53,53.34K,0.06%
2/26/2024,86.73,87.03,87.2,86.61,52.54K,-0.35%
2/23/2024,87.04,86.92,87.34,86.81,51.71K,0.21%
2/22/2024,86.85,86.97,87.48,86.68,59.74K,-0.11%
2/21/2024,86.95,86.92,87.22,86.73,56.43K,0.04%
2/20/2024,86.92,86.88,87.35,86.6,53.55K,0.11%
2/19/2024,86.82,86.7,87.04,86.65,34.15K,0.09%
2/16/2024,86.74,86.68,86.94,86.29,56.72K,0.07%
2/15/2024,86.68,86.24,86.77,86.04,56.52K,0.54%
2/14/2024,86.22,85.69,86.31,85.6,56.77K,0.63%
2/13/2024,85.68,86.69,86.8,85.56,56.42K,-1.18%
2/12/2024,86.71,86.61,86.92,86.46,46.17K,0.05%
2/9/2024,86.66,86.2,86.83,86.1,52.44K,0.59%
2/8/2024,86.15,86.56,86.74,86.01,58.63K,-0.43%
2/7/2024,86.53,86.7,86.93,86.49,65.25K,-0.18%
2/6/2024,86.68,86.14,86.73,86.08,71.69K,0.63%
2/5/2024,86.14,86.46,86.65,85.96,68.32K,-0.30%
2/2/2024,86.39,87.24,87.72,86.27,67.97K,-0.95%
2/1/2024,87.22,87.25,87.43,86.39,74.94K,-0.01%
1/31/2024,87.23,87.79,88.01,87.05,76.61K,-0.62%
1/30/2024,87.77,87.94,88.13,87.42,61.08K,-0.17%
1/29/2024,87.92,87.52,88.02,87.36,57.82K,0.57%
1/26/2024,87.42,87.56,87.91,87.4,60.15K,-0.11%
1/25/2024,87.51,87.48,87.92,87.32,72.38K,0.06%
1/24/2024,87.46,87.56,88.08,87.33,71.97K,-0.09%
1/23/2024,87.54,87.32,87.91,87.15,68.27K,0.26%
1/22/2024,87.32,87.62,87.92,87.26,58.70K,-0.41%
1/19/2024,87.67,87.41,87.75,87.32,63.42K,0.30%
1/18/2024,87.41,87.18,87.46,86.81,70.92K,0.32%
1/17/2024,87.13,87.51,87.67,86.8,72.25K,-0.42%
1/16/2024,87.49,88.33,88.39,87.41,76.64K,-0.93%
1/15/2024,88.32,88.76,88.98,88.18,48.51K,-0.43%
1/12/2024,88.7,88.82,89.3,88.59,73.64K,-0.15%
1/11/2024,88.83,88.97,89.37,88.3,75.37K,-0.18%
1/10/2024,88.99,88.93,89.27,88.82,64.40K,0.07%
1/9/2024,88.92,89.39,89.6,88.79,69.85K,-0.51%
1/8/2024,89.38,89.41,89.62,88.82,68.68K,0.07%
1/5/2024,89.31,89.37,89.8,88.35,77.32K,0.02%
1/4/2024,89.29,89.68,90.07,89.17,69.39K,-0.42%
1/3/2024,89.67,90.19,90.28,89.3,74.95K,-0.50%
1/2/2024,90.12,90.77,91.19,90.07,62.56K,-0.65%
1/1/2024,90.71,90.71,90.86,90.61,2.33K,0.05%
12/29/2023,90.66,90.89,91.12,90.28,49.99K,-0.23%
12/28/2023,90.87,91.3,91.65,90.81,49.77K,-0.47%
12/27/2023,91.29,90.82,91.38,90.75,46.29K,0.50%
12/26/2023,90.83,90.6,90.88,90.37,36.89K,0.48%
12/25/2023,90.4,90.41,90.65,90.09,3.02K,-0.04%
12/22/2023,90.44,90.64,90.81,90.15,63.68K,-0.19%
12/21/2023,90.62,89.58,90.67,89.5,66.80K,1.20%
12/20/2023,89.54,90.03,90.23,89.48,66.61K,-0.49%
12/19/2023,89.98,89.17,90.18,89.04,63.67K,0.98%
12/18/2023,89.11,88.98,89.5,88.87,62.85K,0.21%
12/15/2023,88.92,89.33,89.64,88.49,64.70K,-0.41%
12/14/2023,89.29,88.9,89.72,88.79,85.29K,0.50%
12/13/2023,88.84,87.5,89.07,87.27,62.80K,1.52%
12/12/2023,87.51,87.65,88.24,87.26,52.49K,-0.11%
12/11/2023,87.61,87.8,87.87,87.38,58.04K,-0.16%
12/8/2023,87.75,88.02,88.31,87.49,79.08K,-0.32%
12/7/2023,88.03,87.33,88.3,87.02,74.56K,0.86%
12/6/2023,87.28,87.42,88.02,87.28,71.05K,-0.13%
12/5/2023,87.4,88.3,88.39,87.3,83.21K,-1.01%
12/4/2023,88.28,88.88,89.18,88.08,79.15K,-0.73%
12/1/2023,88.94,88.15,89,87.93,75.92K,0.93%
11/30/2023,88.12,88.24,88.71,87.68,80.97K,-0.11%
11/29/2023,88.22,88.65,89.04,88.07,82.43K,-0.47%
11/28/2023,88.64,88.11,88.9,87.95,71.94K,0.59%
11/27/2023,88.12,87.79,88.24,87.59,56.42K,0.36%
11/24/2023,87.8,87.43,87.93,87.33,52.25K,0.41%
11/23/2023,87.44,87.22,87.69,87.18,48.01K,0.26%
11/22/2023,87.21,87.44,87.63,86.94,66.92K,-0.23%
11/21/2023,87.41,87.41,87.9,87.27,68.66K,-0.01%
11/20/2023,87.42,86.75,87.56,86.61,63.91K,0.82%
11/17/2023,86.71,86.13,86.83,85.95,59.11K,0.63%
11/16/2023,86.16,86.55,86.71,85.95,73.38K,-0.45%
11/15/2023,86.55,86.75,87.04,86.27,75.03K,-0.23%
11/14/2023,86.74,85.03,86.86,84.8,63.17K,2.04%
11/13/2023,85.01,84.7,85.24,84.63,55.93K,0.18%
11/10/2023,84.86,84.85,84.95,84.52,61.39K,0.05%
11/9/2023,84.81,85.34,85.68,84.79,65.95K,-0.55%
11/8/2023,85.29,85.69,85.93,85.23,64.35K,-0.51%
11/7/2023,85.72,86.4,86.57,85.31,64.16K,-0.76%
11/6/2023,86.38,86.74,86.9,86.34,62.58K,-0.46%
11/3/2023,86.78,85.7,86.89,85.5,72.98K,1.27%
11/2/2023,85.69,85.2,86.01,85.13,72.89K,0.61%
11/1/2023,85.17,84.4,85.29,84.16,77.37K,0.92%
10/31/2023,84.4,84.89,84.97,84.1,74.66K,-0.60%
10/30/2023,84.9,84.46,85.05,84.33,58.68K,0.64%
10/27/2023,84.36,84.23,84.84,84.15,58.46K,0.22%
10/26/2023,84.18,83.96,84.33,83.44,66.28K,0.27%
10/25/2023,83.95,84.6,85.2,83.91,60.68K,-0.75%
10/24/2023,84.59,84.36,84.93,84.28,61.85K,0.32%
10/23/2023,84.33,84.03,84.53,83.71,54.76K,0.45%
10/20/2023,83.95,84.3,84.36,83.7,62.78K,-0.40%
10/19/2023,84.28,84.39,84.68,83.86,71.99K,-0.14%
10/18/2023,84.4,84.78,85.18,84.29,66.26K,-0.42%
10/17/2023,84.76,84.49,85.01,84.4,66.79K,0.31%
10/16/2023,84.5,83.95,84.56,83.85,57.88K,0.83%
10/13/2023,83.81,84.1,84.38,83.74,55.06K,-0.34%
10/12/2023,84.1,85.38,85.61,84,55.61K,-1.48%
10/11/2023,85.36,85.67,85.87,85.02,59.17K,-0.35%
10/10/2023,85.65,85.43,85.73,85.11,63.95K,0.31%
10/9/2023,85.39,84.73,85.47,84.49,63.07K,0.45%
10/6/2023,85.02,84.85,85.26,84.08,61.72K,0.21%
10/5/2023,84.84,84.23,84.93,84.14,61.64K,0.74%
10/4/2023,84.21,83.91,84.49,83.69,67.41K,0.39%
10/3/2023,83.89,84.55,84.62,83.67,65.05K,-0.76%
10/2/2023,84.53,85.45,85.65,84.53,52.02K,-1.12%
9/29/2023,85.48,85.55,86.4,85.33,67.54K,-0.01%
9/28/2023,85.49,84.6,85.63,84.47,73.60K,1.08%
9/27/2023,84.58,85.19,85.37,84.3,69.04K,-0.70%
9/26/2023,85.18,85.46,85.56,85.05,70.41K,-0.32%
9/25/2023,85.45,85.59,85.67,85.19,57.38K,-0.02%
9/22/2023,85.47,85.33,85.81,85.09,90.12K,0.19%
9/21/2023,85.31,85.71,85.8,84.88,69.43K,-0.42%
9/20/2023,85.67,86.01,86.57,85.58,65.51K,-0.36%
9/19/2023,85.98,85.78,86.27,85.63,54.12K,0.30%
9/18/2023,85.72,85.76,85.89,85.48,55.30K,0.13%
9/15/2023,85.61,85.57,86.05,85.41,60.98K,0.08%
9/14/2023,85.54,85.31,85.83,85.17,67.44K,0.33%
9/13/2023,85.26,85.26,85.46,84.72,74.04K,0.04%
9/12/2023,85.22,85.49,85.54,85.02,86.24K,-0.25%
9/11/2023,85.44,84.83,85.7,84.6,87.83K,0.98%
9/8/2023,84.6,84.91,85.36,84.54,72.73K,-0.34%
9/7/2023,84.89,84.84,85.16,84.64,78.50K,0.00%
9/6/2023,84.89,84.78,85.18,84.46,77.45K,0.14%
9/5/2023,84.76,85.47,85.61,84.46,79.99K,-0.86%
9/4/2023,85.5,85.47,85.81,85.25,40.26K,0.17%
9/1/2023,85.36,85.86,86.33,85.2,71.92K,-0.60%
8/31/2023,85.87,85.72,86.16,85.56,92.73K,0.18%
8/30/2023,85.72,85.79,86.36,85.34,71.59K,0.00%
8/29/2023,85.72,84.93,85.86,84.7,67.98K,0.85%
8/28/2023,85,84.76,85.17,84.63,72.72K,0.43%
8/25/2023,84.63,84.79,85.2,84.37,95.38K,-0.14%
8/24/2023,84.75,85.75,85.86,84.71,69.65K,-1.08%
8/23/2023,85.68,85.25,85.77,84.81,73.61K,0.55%
8/22/2023,85.21,85.27,85.71,85.04,64.57K,-0.06%
8/21/2023,85.26,85.25,85.41,84.93,67.23K,0.15%
8/18/2023,85.13,85.2,85.55,84.81,88.98K,-0.06%
8/17/2023,85.19,85.26,85.83,84.47,82.08K,-0.08%
8/16/2023,85.25,85.71,86.03,85.15,66.87K,-0.46%
8/15/2023,85.65,86.1,86.57,85.62,68.72K,-0.50%
8/14/2023,86.08,86.19,86.33,85.57,66.42K,-0.06%
8/11/2023,86.13,86.27,86.6,85.97,70.62K,-0.07%
8/10/2023,86.19,86.5,87.58,86.21,71.80K,-0.32%
8/9/2023,86.47,86.73,87.09,86.39,69.55K,-0.27%
8/8/2023,86.71,87,87.08,86.08,97.93K,-0.33%
8/7/2023,86.99,87.08,87.41,86.77,76.07K,-0.08%
8/4/2023,87.07,86.78,87.62,86.59,70.71K,0.40%
8/3/2023,86.72,86.39,86.96,86.25,62.41K,0.40%
8/2/2023,86.37,87.05,87.27,86.24,93.90K,-0.73%
8/1/2023,87.01,88.45,88.5,86.89,85.84K,-1.53%
7/31/2023,88.36,87.64,88.71,87.44,86.24K,0.99%
7/28/2023,87.5,87.93,88.03,87.19,110.56K,-0.48%
7/27/2023,87.92,88.69,89.51,87.81,104.56K,-0.80%
7/26/2023,88.63,88.91,89.01,88.14,89.89K,-0.33%
7/25/2023,88.93,88.19,89.01,88.03,92.28K,0.81%
7/24/2023,88.21,88.28,88.46,87.99,90.55K,0.02%
7/21/2023,88.2,88.94,89.09,88.13,56.65K,-0.82%
7/20/2023,88.93,88.97,89.86,88.81,73.29K,-0.06%
7/19/2023,88.98,89.44,89.54,88.66,83.30K,-0.51%
7/18/2023,89.43,89.48,89.77,89.1,63.91K,-0.02%
7/17/2023,89.45,89.94,90.12,89.09,69.57K,-0.47%
7/14/2023,89.88,90.44,90.56,89.8,85.28K,-0.62%
7/13/2023,90.44,89.31,90.56,89.22,91.85K,1.26%
7/12/2023,89.32,88.12,89.46,87.95,101.28K,1.37%
7/11/2023,88.11,88.14,88.43,87.64,85.41K,-0.08%
7/10/2023,88.18,88.48,88.67,87.49,85.54K,-0.42%
7/7/2023,88.55,87.41,88.73,87.36,83.43K,1.24%
7/6/2023,87.46,87.55,88.31,87.12,76.39K,-0.06%
7/5/2023,87.51,87.79,87.97,87.53,67.48K,-0.33%
7/4/2023,87.81,87.47,88.02,87.08,49.35K,0.39%
7/3/2023,87.46,87.51,87.78,86.95,61.33K,-0.04%
6/30/2023,87.5,86.86,87.6,86.69,84.60K,0.76%
6/29/2023,86.84,86.66,87.2,86.58,80.62K,0.24%
6/28/2023,86.63,87.74,87.82,86.61,78.34K,-1.25%
6/27/2023,87.72,87.62,88.22,87.55,84.85K,0.19%
6/26/2023,87.55,87.64,87.89,87.44,61.41K,-0.10%
6/23/2023,87.64,88.6,88.76,87.46,73.27K,-1.05%
6/22/2023,88.57,89.2,89.36,88.43,68.91K,-0.71%
6/21/2023,89.2,89.11,89.36,88.48,96.47K,0.09%
6/20/2023,89.12,89.81,89.89,88.72,74.72K,-0.74%
6/19/2023,89.79,90.21,90.32,89.61,62.16K,-0.33%
6/16/2023,90.08,90.54,90.57,89.86,60.88K,-0.48%
6/15/2023,90.52,89.27,90.64,88.88,82.04K,1.45%
6/14/2023,89.23,89.19,89.81,88.75,60.24K,0.09%
6/13/2023,89.14,89,89.73,88.86,61.83K,0.13%
6/12/2023,89.03,88.99,89.37,88.8,47.59K,0.13%
6/9/2023,88.91,88.73,89.09,88.28,55.63K,0.24%
6/8/2023,88.71,87.88,88.77,87.85,55.03K,0.99%
6/7/2023,87.83,88.2,88.74,87.71,59.65K,-0.37%
6/6/2023,88.16,87.54,88.39,87.34,61.65K,0.76%
6/5/2023,87.5,87.06,87.81,86.75,54.93K,0.50%
6/2/2023,87.06,86.63,87.43,86.58,61.86K,0.50%
6/1/2023,86.63,86.08,86.79,85.6,64.75K,0.69%
5/31/2023,86.03,86.22,86.54,85.47,77.44K,-0.25%
5/30/2023,86.25,86.47,86.77,86.06,80.78K,-0.20%
5/29/2023,86.42,86.35,86.58,86.12,51.21K,0.37%
5/26/2023,86.1,86.14,86.49,85.85,63.04K,-0.03%
5/25/2023,86.13,86.5,86.63,86.02,65.29K,-0.48%
5/24/2023,86.54,87.59,87.66,86.36,85.61K,-1.16%
5/23/2023,87.56,88.18,88.3,87.53,74.15K,-0.69%
5/22/2023,88.17,88,88.23,87.8,82.91K,0.24%
5/19/2023,87.95,87.52,88.31,87.43,75.59K,0.57%
5/18/2023,87.45,87.78,87.91,87.29,85.12K,-0.37%
5/17/2023,87.77,87.54,87.98,87.39,81.12K,0.27%
5/16/2023,87.53,88.23,88.37,87.48,78.27K,-0.75%
5/15/2023,88.19,87.37,88.36,87.28,68.99K,0.94%
5/12/2023,87.37,88.03,88.14,87.25,63.42K,-0.73%
5/11/2023,88.01,88.92,89.17,87.85,66.30K,-1.02%
5/10/2023,88.91,88.76,89.46,88.46,69.13K,0.21%
5/9/2023,88.73,88.78,88.98,88.55,61.44K,-0.03%
5/8/2023,88.76,88.33,89.06,88.21,67.16K,0.45%
5/5/2023,88.36,87.63,88.46,87.57,80.94K,0.87%
5/4/2023,87.6,87.31,87.79,86.92,98.33K,0.34%
5/3/2023,87.3,87.28,87.77,87.04,89.12K,0.01%
5/2/2023,87.29,86.86,87.94,86.67,76.96K,0.57%
5/1/2023,86.8,86.54,87.32,86.46,56.33K,0.26%
4/28/2023,86.58,86.81,87,86.05,72.97K,-0.27%
4/27/2023,86.81,86.33,86.87,86.31,72.35K,0.58%
4/26/2023,86.32,86.87,87.04,86.22,83.09K,-0.59%
4/25/2023,86.83,87.74,87.9,86.68,74.21K,-1.05%
4/24/2023,87.75,87.98,88.08,87.45,71.95K,-0.13%
4/21/2023,87.87,88.61,88.71,87.72,62.57K,-0.82%
4/20/2023,88.59,88.35,89.02,88.08,72.85K,0.33%
4/19/2023,88.3,88.23,88.64,88.01,54.92K,0.08%
4/18/2023,88.23,87.87,88.59,87.83,71.58K,0.40%
4/17/2023,87.88,87.83,88.1,87.61,68.72K,0.03%
4/14/2023,87.85,88.8,89.15,87.68,87.86K,-1.05%
4/13/2023,88.78,87.85,89.03,87.79,87.44K,1.08%
4/12/2023,87.83,87.41,88.31,87.32,83.50K,0.46%
4/11/2023,87.42,87.12,87.78,87.02,82.71K,0.42%
4/10/2023,87.06,87.2,87.62,86.82,55.77K,-0.34%
4/7/2023,87.35,87.42,87.68,87,38.42K,-0.06%
4/6/2023,87.4,88.16,88.25,87.16,61.44K,-0.85%
4/5/2023,88.15,88.96,89.33,87.6,65.50K,-0.87%
4/4/2023,88.93,89.4,89.51,88.53,77.75K,-0.50%
4/3/2023,89.38,87.96,89.46,87.44,90.28K,1.70%
3/31/2023,87.88,88.44,88.79,87.76,80.61K,-0.54%
3/30/2023,88.36,88.02,88.53,87.75,73.86K,0.36%
3/29/2023,88.04,88.24,88.34,87.73,73.48K,-0.21%
3/28/2023,88.22,87.67,88.26,87.57,71.21K,0.68%
3/27/2023,87.63,87.76,87.9,87.42,82.86K,-0.08%
3/24/2023,87.69,87.99,88.11,87.43,73.09K,-0.30%
3/23/2023,87.96,88.38,89.08,87.8,86.07K,-0.46%
3/22/2023,88.37,88.2,89.39,88.09,76.37K,0.21%
3/21/2023,88.18,88.84,88.94,87.94,83.43K,-0.72%
3/20/2023,88.83,88.62,89.06,88.05,98.34K,0.45%
3/17/2023,88.43,88.08,88.84,88.02,100.84K,0.40%
3/16/2023,88.08,87.45,88.27,87.32,131.97K,0.76%
3/15/2023,87.42,88.21,88.6,87.09,127.22K,-0.83%
3/14/2023,88.15,87.58,88.4,87.14,128.27K,0.67%
3/13/2023,87.57,86.47,88.28,86.39,146.48K,1.43%
3/10/2023,86.33,86.44,87.18,86.09,118.50K,-0.11%
3/9/2023,86.42,86.48,87.06,86.27,89.21K,-0.05%
3/8/2023,86.47,86.27,87.05,86.09,88.73K,0.25%
3/7/2023,86.25,88.19,88.46,86.23,101.87K,-2.17%
3/6/2023,88.16,88.73,88.83,88.01,91.58K,-0.67%
3/3/2023,88.76,88.97,89.25,88.28,88.97K,-0.19%
3/2/2023,88.92,89.27,89.34,88.62,97.55K,-0.35%
3/1/2023,89.23,89,89.57,88.55,100.53K,0.28%
2/28/2023,88.98,89.27,89.49,88.7,108.37K,-0.30%
2/27/2023,89.25,89.22,89.41,88.81,110.49K,0.24%
2/24/2023,89.04,90.13,90.36,88.95,86.98K,-1.18%
2/23/2023,90.1,90.2,90.71,89.76,81.74K,-0.08%
2/22/2023,90.18,90.78,90.95,90.07,92.47K,-0.65%
2/21/2023,90.77,91.44,91.6,90.7,93.20K,-0.68%
2/20/2023,91.39,90.99,91.62,90.9,72.45K,0.25%
2/17/2023,91.17,91.08,91.25,90.26,111.12K,0.19%
2/16/2023,91,91.44,91.72,90.52,108.72K,-0.50%
2/15/2023,91.45,92.52,92.56,90.95,89.52K,-1.12%
2/14/2023,92.49,92.2,93.09,91.64,105.26K,0.33%
2/13/2023,92.18,91.43,92.32,90.94,94.23K,0.96%
2/10/2023,91.3,91.55,91.81,91.2,107.77K,-0.27%
2/9/2023,91.56,91.42,92.58,91.35,104.74K,0.18%
2/8/2023,91.39,92.09,92.44,91.32,112.29K,-0.74%
2/7/2023,92.07,91.12,92.48,91.09,133.71K,1.09%
2/6/2023,91.08,90.71,91.68,90.12,123.28K,0.54%
2/3/2023,90.58,93.04,93.14,90.58,132.81K,-2.64%
2/2/2023,93.04,93.54,93.95,92.94,129.59K,-0.52%
2/1/2023,93.52,92.5,93.66,92.21,125.55K,1.15%
1/31/2023,92.46,92.04,92.58,91.54,118.15K,0.45%
1/30/2023,92.04,92.62,92.9,91.95,122.92K,-0.66%
1/27/2023,92.65,92.86,93.09,92.37,108.16K,-0.23%
1/26/2023,92.87,92.74,93.26,92.41,115.13K,0.17%
1/25/2023,92.71,92.16,93.1,91.94,81.69K,0.63%
1/24/2023,92.13,91.53,92.3,91.41,80.36K,0.68%
1/23/2023,91.51,90.37,91.69,90.26,86.73K,1.21%
1/20/2023,90.41,89.96,90.53,89.69,106.59K,0.52%
1/19/2023,89.94,90.26,90.34,89.44,135.74K,-0.31%
1/18/2023,90.22,91.43,91.83,90.15,146.51K,-1.30%
1/17/2023,91.4,90.83,91.56,90.66,138.75K,0.67%
1/16/2023,90.79,90.79,91.36,90.66,98.28K,0.02%
1/13/2023,90.77,90.99,91.14,89.98,131.16K,-0.15%
1/12/2023,90.91,90.08,91.16,89.75,118.89K,0.95%
1/11/2023,90.05,90.14,90.61,89.71,120.53K,-0.09%
1/10/2023,90.12,91.16,91.32,89.76,131.35K,-1.04%
1/9/2023,91.07,91.01,91.69,90.91,131.57K,0.09%
1/6/2023,90.99,89.21,91.17,88.96,139.68K,2.07%
1/5/2023,89.15,90.53,90.71,88.96,117.57K,-1.51%
1/4/2023,90.51,89.3,91.25,89.07,138.23K,1.46%
1/3/2023,89.21,90.05,90.49,88.69,139.99K,-0.93%
1/2/2023,90.04,90.19,90.36,89.9,19.06K,-0.14%
12/30/2022,90.17,89.73,90.3,89.44,112.84K,0.42%
12/29/2022,89.79,89.32,89.94,88.9,94.79K,0.54%
12/28/2022,89.31,89.22,90.19,89.06,91.89K,0.13%
12/27/2022,89.2,88.94,89.8,88.91,106.78K,0.29%
12/26/2022,88.94,88.86,89.1,88.63,7.09K,-0.12%
12/23/2022,89.05,88.26,89.18,88.19,123.32K,0.88%
12/22/2022,88.27,88.85,89.59,88.06,118.38K,-0.64%
12/21/2022,88.84,88.4,89.16,88.1,121.99K,0.49%
12/20/2022,88.41,88.66,89.25,87.82,148.90K,-0.27%
12/19/2022,88.65,89.02,89.22,88.52,122.17K,0.03%
12/16/2022,88.62,88.75,89.21,88.51,107.56K,-0.13%
12/15/2022,88.73,90.57,90.65,88.41,125.04K,-2.01%
12/14/2022,90.55,90.81,90.95,89.85,129.82K,-0.27%
12/13/2022,90.8,89.06,91.35,88.99,115.92K,1.94%
12/12/2022,89.07,89.56,89.76,88.85,105.54K,-0.42%
12/9/2022,89.44,89.24,89.71,88.76,119.08K,0.22%
12/8/2022,89.25,88.73,89.44,88.34,127.13K,0.64%
12/7/2022,88.68,88.47,88.99,87.82,141.12K,0.26%
12/6/2022,88.45,87.68,89.17,87.59,127.13K,0.95%
12/5/2022,87.62,88.51,89.27,87.51,131.16K,-0.80%
12/2/2022,88.33,88.5,88.85,87.74,125.04K,-0.19%
12/1/2022,88.5,88.4,88.96,88.14,150.99K,0.11%
11/30/2022,88.41,87.45,88.61,86.98,135.89K,1.13%
11/29/2022,87.42,86.89,88.26,86.76,111.75K,0.63%
11/28/2022,86.87,88.02,88.06,86.79,110.79K,-1.52%
11/25/2022,88.21,88.35,88.47,87.83,90.96K,-0.14%
11/24/2022,88.33,88.16,88.59,87.91,88.16K,0.21%
11/23/2022,88.14,86.88,88.26,86.71,93.24K,1.47%
11/22/2022,86.86,86.45,86.93,86.38,105.94K,0.44%
11/21/2022,86.49,87.27,87.42,86.22,121.13K,-0.81%
11/18/2022,87.19,87.34,87.98,87.06,124.40K,-0.10%
11/17/2022,87.28,87.63,88.02,86.67,133.85K,-0.45%
11/16/2022,87.67,87.59,88.38,87.35,138.27K,0.02%
11/15/2022,87.66,87.14,88.21,86.92,146.10K,0.69%
11/14/2022,87.06,86.65,87.44,86.21,135.92K,0.49%
11/11/2022,86.64,86.64,86.84,85.28,125.84K,0.03%
11/10/2022,86.61,83.79,86.82,83.55,123.23K,3.37%
11/9/2022,83.78,85.25,85.46,83.58,114.24K,-1.70%
11/8/2022,85.23,84.93,85.89,84.46,115.29K,0.39%
11/7/2022,84.91,84.67,85.1,84.35,137.85K,-0.44%
11/4/2022,85.29,83.4,85.53,83.34,132.65K,2.30%
11/3/2022,83.37,84.14,84.5,83.17,114.23K,-0.86%
11/2/2022,84.09,84.63,86,84.07,115.16K,-0.61%
11/1/2022,84.61,84.76,85.54,84.37,118.49K,-0.14%
10/31/2022,84.73,84.56,84.84,84.28,119.61K,0.16%
10/28/2022,84.59,85.15,85.5,84.3,118.46K,-0.61%
10/27/2022,85.11,86.01,86.08,84.8,139.78K,-1.02%
10/26/2022,85.99,84.62,86.21,84.35,121.15K,1.61%
10/25/2022,84.63,83.51,84.9,83.39,117.13K,1.39%
10/24/2022,83.47,84.37,84.82,82.97,144.09K,-1.05%
10/21/2022,84.36,83.11,84.59,82.15,124.74K,1.45%
10/20/2022,83.15,83.3,84.19,82.76,141.28K,-0.17%
10/19/2022,83.28,83.16,83.93,82.86,133.22K,0.16%
10/18/2022,83.15,82.9,83.56,82.57,147.52K,0.32%
10/17/2022,82.89,81.62,83.19,81.59,126.17K,1.53%
10/14/2022,81.64,83,83.68,81.62,161.49K,-1.58%
10/13/2022,82.95,82.68,83.25,81.3,139.56K,0.36%
10/12/2022,82.65,82.61,82.97,82.12,147.54K,0.10%
10/11/2022,82.58,83.04,83.6,82.3,149.26K,-0.52%
10/10/2022,83,84,84.14,82.65,136.72K,-1.04%
10/7/2022,83.87,83.89,84.76,83.69,106.16K,-0.08%
10/6/2022,83.94,84.64,85.39,83.69,143.10K,-0.78%
10/5/2022,84.6,84.82,85.14,83.7,134.62K,-0.22%
10/4/2022,84.78,85.38,85.41,84.15,127.50K,-0.65%
10/3/2022,85.33,83.43,85.45,83.29,133.91K,2.42%
9/30/2022,83.32,85.15,85.39,83.17,132.76K,-2.12%
9/29/2022,85.12,85.52,85.58,84.35,134.66K,-0.44%
9/28/2022,85.5,84.01,85.63,83.39,149.12K,1.79%
9/27/2022,84,84.31,84.87,83.72,145.67K,-0.35%
9/26/2022,84.29,84.49,85.26,84.06,150.35K,-0.34%
9/23/2022,84.58,85.98,86.71,84.38,128.25K,-1.59%
9/22/2022,85.95,84.84,86.33,84.23,145.67K,1.29%
9/21/2022,84.85,85.4,85.82,84.73,121.47K,-0.57%
9/20/2022,85.34,85.87,86.14,85.19,111.46K,-0.59%
9/19/2022,85.84,85.61,85.93,85.1,100.79K,0.13%
9/16/2022,85.73,85.48,85.9,85.11,105.90K,0.32%
9/15/2022,85.46,85.78,86.13,85.38,108.16K,-0.35%
9/14/2022,85.77,85.24,85.95,85.17,129.66K,0.63%
9/13/2022,85.23,87.67,87.8,85.18,110.20K,-2.75%
9/12/2022,87.64,87.19,87.81,86.6,85.52K,0.62%
9/9/2022,87.11,86.11,87.53,86.04,115.45K,1.18%
9/8/2022,86.09,86.55,86.61,85.61,127.88K,-0.50%
9/7/2022,86.52,86.04,86.56,85.56,118.28K,0.57%
9/6/2022,86.03,86.83,87.31,85.94,134.96K,-0.89%
9/5/2022,86.81,86.92,86.98,86.47,86.63K,-0.13%
9/2/2022,86.92,86.41,87.54,86.32,111.10K,0.64%
9/1/2022,86.37,86.98,87.18,86.19,130.97K,-0.66%
8/31/2022,86.94,87.11,87.79,86.89,117.19K,-0.18%
8/30/2022,87.09,88.34,88.54,87.02,149.20K,-1.39%
8/29/2022,88.32,88.14,88.63,87.5,109.96K,0.31%
8/26/2022,88.04,89.2,89.59,88.02,118.67K,-1.31%
8/25/2022,89.21,88.24,89.37,88.11,119.06K,1.14%
8/24/2022,88.21,88.6,88.6,87.84,104.74K,-0.34%
8/23/2022,88.51,87.89,89,87.63,111.57K,0.75%
8/22/2022,87.86,87.68,88.57,87.62,125.82K,0.16%
8/19/2022,87.71,88.22,88.31,87.55,116.43K,-0.54%
8/18/2022,88.19,88.11,88.88,87.94,121.35K,0.09%
8/17/2022,88.11,89.49,89.58,87.85,120.91K,-1.54%
8/16/2022,89.5,89.51,89.75,89.1,100.55K,0.00%
8/15/2022,89.5,90.72,90.86,89.35,90.07K,-1.39%
8/12/2022,90.76,90.54,90.91,90.3,99.60K,0.25%
8/11/2022,90.53,90.07,90.96,89.63,108.50K,0.55%
8/10/2022,90.04,88.78,90.47,88.32,108.77K,1.44%
8/9/2022,88.76,89.07,89.17,88.62,95.16K,-0.34%
8/8/2022,89.07,87.63,89.36,87.44,85.07K,1.69%
8/5/2022,87.59,88.62,88.69,87.08,110.48K,-1.14%
8/4/2022,88.59,87.96,89.06,87.84,111.10K,0.71%
8/3/2022,87.97,87.16,88.11,86.72,110.31K,0.96%
8/2/2022,87.13,88.81,88.94,87,136.93K,-1.88%
8/1/2022,88.79,88.55,89.11,88.34,119.10K,0.25%
7/29/2022,88.57,89.15,89.4,87.63,98.47K,-0.61%
7/28/2022,89.11,89.39,89.54,88.75,113.87K,-0.28%
7/27/2022,89.36,88.57,89.66,88.23,101.71K,0.90%
7/26/2022,88.56,88.68,89.1,88.36,112.14K,-0.15%
7/25/2022,88.7,88.59,88.88,87.9,118.21K,0.25%
7/22/2022,88.48,88.66,89.17,88.13,100.32K,-0.17%
7/21/2022,88.63,88.15,88.76,87.74,124.93K,0.55%
7/20/2022,88.14,88.24,88.72,87.96,118.87K,-0.10%
7/19/2022,88.23,87.15,88.43,87.03,103.26K,1.22%
7/18/2022,87.16,86.75,87.72,86.68,104.53K,0.41%
7/15/2022,86.8,86.26,87.01,85.87,115.05K,0.67%
7/14/2022,86.23,86.15,86.78,85.39,135.46K,0.11%
7/13/2022,86.13,86.06,86.7,85.69,129.61K,0.08%
7/12/2022,86.06,85.57,86.36,85.35,119.74K,0.61%
7/11/2022,85.54,86.99,87.02,85.34,116.00K,-1.62%
7/8/2022,86.95,86.62,87.19,86.12,126.37K,0.39%
7/7/2022,86.61,85.98,86.8,85.82,122.12K,0.76%
7/6/2022,85.96,86.4,86.63,85.8,138.42K,-0.48%
7/5/2022,86.38,86.73,87.12,85.86,140.51K,-0.38%
7/4/2022,86.71,86.16,87.04,85.92,105.72K,0.61%
7/1/2022,86.18,87.22,87.26,85.54,99.77K,-1.17%
6/30/2022,87.19,86.72,87.44,86.34,124.03K,0.58%
6/29/2022,86.69,87.07,87.32,86.45,111.99K,-0.39%
6/28/2022,87.04,86.77,87.75,86.69,118.43K,0.30%
6/27/2022,86.77,87.02,87.24,86.54,110.80K,-0.37%
6/24/2022,87.09,86.36,87.23,86.29,119.48K,0.91%
6/23/2022,86.31,86.89,86.91,86.02,130.16K,-0.65%
6/22/2022,86.87,87.09,87.16,86.15,107.57K,-0.20%
6/21/2022,87.04,86.72,87.38,86.62,107.26K,0.42%
6/20/2022,86.68,86.49,87.3,86.37,91.99K,0.14%
6/17/2022,86.56,88.02,88.12,86.16,143.67K,-1.65%
6/16/2022,88.01,87.47,88.32,86.73,137.28K,0.64%
6/15/2022,87.46,85.71,87.75,85.66,127.88K,2.03%
6/14/2022,85.71,86.46,87.05,85.48,125.28K,-0.80%
6/13/2022,86.4,87.68,88.05,86.29,110.58K,-1.60%
6/10/2022,87.81,88.32,88.92,87.63,105.28K,-0.56%
6/9/2022,88.3,89.46,89.56,88.26,96.77K,-1.28%
6/8/2022,89.45,89.98,89.98,89.28,97.35K,-0.46%
6/7/2022,89.86,89.35,90.1,88.93,90.37K,0.61%
6/6/2022,89.32,89.54,89.86,89.26,73.46K,-0.20%
6/3/2022,89.5,90.21,90.44,89.44,58.75K,-0.79%
6/2/2022,90.21,89.01,90.28,88.67,77.15K,1.38%
6/1/2022,88.98,89.14,89.7,88.75,83.74K,-0.15%
5/31/2022,89.12,89.31,89.5,88.81,89.55K,-0.18%
5/30/2022,89.27,88.81,89.34,88.73,65.40K,0.47%
5/27/2022,88.86,88.1,88.96,88,87.80K,0.86%
5/26/2022,88.1,87.91,88.21,87.67,92.54K,0.14%
5/25/2022,87.98,88.19,88.39,87.26,110.93K,-0.21%
5/24/2022,88.17,88.17,88.31,87.6,120.92K,0.06%
5/23/2022,88.12,87.53,88.52,87.36,106.14K,0.97%
5/20/2022,87.27,87.68,87.8,86.87,117.99K,-0.45%
5/19/2022,87.66,86.34,87.97,86.29,134.71K,1.54%
5/18/2022,86.33,87.24,87.47,86.26,113.04K,-1.03%
5/17/2022,87.23,86.39,87.39,86.34,114.98K,0.99%
5/16/2022,86.37,85.86,86.54,85.16,116.32K,0.45%
5/13/2022,85.99,84.93,86.03,84.89,98.39K,1.29%
5/12/2022,84.89,85.75,85.97,84.58,125.53K,-0.97%
5/11/2022,85.73,85.85,87.19,85.62,120.45K,-0.09%
5/10/2022,85.81,86.21,86.41,85.54,131.21K,-0.46%
5/9/2022,86.2,87.1,87.2,86.08,112.52K,-1.02%
5/6/2022,87.09,86.78,87.83,86.41,118.16K,0.38%
5/5/2022,86.76,88.78,88.86,86.34,114.69K,-2.28%
5/4/2022,88.79,86.86,88.85,86.78,95.10K,2.23%
5/3/2022,86.84,86.33,87.52,86.27,96.51K,0.68%
5/2/2022,86.26,86.49,86.65,85.99,76.73K,-0.13%
4/29/2022,86.37,86.8,87.82,86.31,114.24K,-0.51%
4/28/2022,86.81,87.26,87.73,86.33,103.81K,-0.51%
4/27/2022,87.26,87.28,88.18,86.95,108.60K,0.00%
4/26/2022,87.25,88.08,88.71,87.23,113.41K,-0.92%
4/25/2022,88.06,88.96,88.96,87.55,115.03K,-0.58%
4/22/2022,88.57,89.84,89.92,88.54,85.42K,-1.37%
4/21/2022,89.8,90.85,90.92,89.73,102.24K,-1.10%
4/20/2022,90.8,90.28,90.95,90.22,93.71K,0.64%
4/19/2022,90.22,89.66,90.46,89.62,90.62K,0.66%
4/18/2022,89.63,90.2,90.28,89.59,61.20K,-0.58%
4/15/2022,90.15,90.43,90.53,90.08,34.71K,-0.26%
4/14/2022,90.39,90.77,91.05,90.16,96.00K,-0.43%
4/13/2022,90.78,90.86,91.07,90.1,96.54K,-0.09%
4/12/2022,90.86,90.18,91.29,89.91,81.67K,0.82%
4/11/2022,90.12,90.39,90.68,90.07,69.37K,-0.45%
4/8/2022,90.53,90.92,91.01,90.18,74.07K,-0.41%
4/7/2022,90.9,91.08,91.15,90.6,69.84K,-0.18%
4/6/2022,91.07,91.33,91.98,90.74,78.55K,-0.29%
4/5/2022,91.33,91.18,92.35,91.08,70.66K,0.19%
4/4/2022,91.16,90.86,91.35,90.65,75.37K,0.25%
4/1/2022,90.93,90.75,91.26,90.61,91.46K,0.25%
3/31/2022,90.7,91.21,91.42,90.45,84.12K,-0.55%
3/30/2022,91.2,91.27,91.55,91,81.60K,-0.13%
3/29/2022,91.32,91.28,91.5,90.65,104.54K,0.09%
3/28/2022,91.24,91.6,92.03,90.98,79.51K,-0.38%
3/25/2022,91.59,91.8,91.98,91.37,69.90K,-0.21%
3/24/2022,91.78,91.54,91.99,91.15,66.10K,0.28%
3/23/2022,91.52,91.04,91.67,90.73,82.91K,0.57%
3/22/2022,91.01,90.14,91.08,89.82,80.19K,0.99%
3/21/2022,90.12,89.77,90.39,89.66,80.41K,0.24%
3/18/2022,89.9,89.46,89.98,89.26,63.37K,0.53%
3/17/2022,89.42,88.98,89.67,88.64,75.09K,0.54%
3/16/2022,88.94,88.21,89.05,87.93,87.48K,0.83%
3/15/2022,88.21,88.06,88.61,87.72,103.65K,0.19%
3/14/2022,88.04,89.34,89.49,88.03,91.81K,-1.45%
3/11/2022,89.33,89.78,90.11,89.23,100.16K,-0.55%
3/10/2022,89.82,89.71,89.97,89.09,95.42K,0.14%
3/9/2022,89.69,89.45,89.94,89.38,102.19K,0.32%
3/8/2022,89.41,90.12,90.51,89.15,129.74K,-0.76%
3/7/2022,90.09,89.83,91.51,89.6,129.90K,0.31%
3/4/2022,89.81,89.02,89.95,88.66,116.30K,0.89%
3/3/2022,89.02,88.38,89.26,88.13,101.27K,0.73%
3/2/2022,88.37,87.4,88.52,87.38,96.94K,1.13%
3/1/2022,87.38,87.54,87.89,87.25,108.43K,-0.18%
2/28/2022,87.54,86.56,87.6,86.16,115.98K,0.48%
2/25/2022,87.12,86.71,87.2,86.44,116.01K,0.49%
2/24/2022,86.69,86.31,86.99,85.51,148.22K,0.47%
2/23/2022,86.28,86.5,86.91,86.21,81.44K,-0.23%
2/22/2022,86.48,85.7,86.68,85.49,102.23K,0.90%
2/21/2022,85.71,85.66,86.15,85.56,75.45K,0.03%
2/18/2022,85.69,86.36,86.64,85.59,92.88K,-0.74%
2/17/2022,86.33,86.44,86.76,85.87,111.55K,-0.08%
2/16/2022,86.39,86.2,86.56,85.95,90.74K,0.23%
2/15/2022,86.19,86.22,86.41,85.74,83.20K,0.00%
2/14/2022,86.19,86.03,86.42,85.68,103.77K,0.16%
2/11/2022,86.06,85.93,86.68,85.44,109.13K,0.17%
2/10/2022,85.91,85.93,86.93,85.7,83.28K,-0.01%
2/9/2022,85.91,85.48,86.13,85.41,66.34K,0.54%
2/8/2022,85.45,85.15,85.5,84.85,97.00K,0.36%
2/7/2022,85.15,84.58,85.23,84.43,80.73K,0.69%
2/4/2022,84.57,85.54,85.64,84.27,101.45K,-1.12%
2/3/2022,85.52,85.44,85.88,85.16,95.87K,0.09%
2/2/2022,85.45,85.3,85.74,85.23,69.05K,0.21%
2/1/2022,85.27,84.39,85.34,83.96,75.68K,1.11%
1/31/2022,84.33,84.05,84.49,83.84,76.13K,0.54%
1/28/2022,83.87,84.46,84.65,83.65,97.56K,-0.68%
1/27/2022,84.45,85.14,85.33,84.37,100.29K,-0.78%
1/26/2022,85.11,85.54,85.94,84.9,92.25K,-0.50%
1/25/2022,85.54,85.21,85.79,85.1,118.55K,0.43%
1/24/2022,85.18,85.45,85.63,84.58,113.59K,-0.40%
1/21/2022,85.52,86.15,86.22,85.38,104.02K,-0.70%
1/20/2022,86.12,85.88,86.76,85.83,94.93K,0.31%
1/19/2022,85.86,85.73,86.22,85.62,107.59K,0.20%
1/18/2022,85.69,85.64,85.88,85.27,112.55K,0.06%
1/17/2022,85.64,85.58,85.89,85.37,79.46K,0.17%
1/14/2022,85.49,86.1,86.56,85.4,87.30K,-0.67%
1/13/2022,86.07,86.16,86.5,85.98,79.36K,-0.08%
1/12/2022,86.14,85.26,86.26,85.19,64.70K,1.05%
1/11/2022,85.25,84.93,85.32,84.61,62.37K,0.39%
1/10/2022,84.91,85.25,85.59,84.69,60.39K,-0.50%
1/7/2022,85.34,85.36,85.56,84.76,68.91K,0.01%
1/6/2022,85.33,85.91,85.95,85.1,96.59K,-0.65%
1/5/2022,85.89,86.36,86.54,85.84,70.15K,-0.51%
1/4/2022,86.33,85.48,86.49,85.39,63.85K,1.04%
1/3/2022,85.44,86.37,86.57,85.36,53.32K,-1.04%
12/31/2021,86.34,86.38,86.56,86.14,55.20K,0.03%
12/30/2021,86.32,86.69,86.92,86.25,46.12K,-0.46%
12/29/2021,86.72,86.35,86.97,86.15,46.67K,0.45%
12/28/2021,86.33,86.82,86.9,86.23,38.69K,-0.58%
12/27/2021,86.84,86.7,87.05,86.46,32.60K,0.16%
12/24/2021,86.7,87.19,87.25,86.64,57.55K,-0.52%
12/23/2021,87.16,87.21,87.32,86.92,64.31K,-0.04%
12/22/2021,87.19,86.52,87.31,86.1,56.90K,0.76%
12/21/2021,86.53,86.38,86.58,85.78,74.97K,0.23%
12/20/2021,86.34,86.87,87.03,85.98,81.73K,-0.45%
12/17/2021,86.73,87.46,87.49,86.71,82.97K,-0.82%
12/16/2021,87.45,87.46,87.96,87.15,69.19K,0.03%
12/15/2021,87.42,86.21,87.55,86.16,77.42K,1.41%
12/14/2021,86.2,86.44,86.63,85.95,72.70K,-0.25%
12/13/2021,86.42,86.61,87.01,86.2,62.75K,-0.59%
12/10/2021,86.93,86.4,87.09,86.18,74.80K,0.63%
12/9/2021,86.38,86.59,86.84,86.22,76.61K,-0.22%
12/8/2021,86.57,85.93,86.74,85.88,92.74K,0.76%
12/7/2021,85.91,85.09,85.99,84.94,99.53K,1.00%
12/6/2021,85.06,84.16,85.15,84.12,81.58K,1.03%
12/3/2021,84.19,85.13,85.29,84.1,87.34K,-1.07%
12/2/2021,85.11,85.17,85.39,85,86.51K,-0.04%
12/1/2021,85.14,85.7,86.18,85.03,98.49K,-0.61%
11/30/2021,85.66,85.85,86.25,84.94,104.66K,-0.16%
11/29/2021,85.79,85.26,86.04,85.21,69.50K,0.55%
11/26/2021,85.33,85.72,85.84,85.04,121.42K,-0.46%
11/25/2021,85.72,85.67,86.02,85.59,96.42K,0.09%
11/24/2021,85.64,86.07,86.1,85.51,83.68K,-0.48%
11/23/2021,86.06,86.01,86.21,85.81,104.44K,0.10%
11/22/2021,85.98,85.94,86.6,85.83,109.16K,0.06%
11/19/2021,85.93,86.48,86.62,85.84,67.69K,-0.56%
11/18/2021,86.41,86.36,86.64,86.11,90.67K,0.10%
11/17/2021,86.33,86.92,86.96,86.26,80.97K,-0.65%
11/16/2021,86.89,87.56,87.82,86.78,74.22K,-0.74%
11/15/2021,87.54,87.33,87.85,87.18,55.13K,0.25%
11/12/2021,87.32,86.97,87.38,86.69,55.60K,0.46%
11/11/2021,86.92,87.21,87.39,86.82,62.67K,-0.31%
11/10/2021,87.19,87.39,88.01,87.17,68.98K,-0.19%
11/9/2021,87.36,87.93,88.04,87.19,65.80K,-0.59%
11/8/2021,87.88,88.13,88.33,87.55,58.22K,-0.33%
11/5/2021,88.17,88.18,88.32,87.68,80.52K,0.00%
11/4/2021,88.17,88.74,89.01,87.95,82.99K,-0.59%
11/3/2021,88.69,88.77,88.92,88.3,84.99K,-0.06%
11/2/2021,88.75,90.14,90.24,88.66,87.32K,-1.52%
11/1/2021,90.12,89.97,90.29,89.77,73.70K,0.02%
10/29/2021,90.1,90.45,90.59,89.85,86.13K,-0.36%
10/28/2021,90.43,90.24,90.59,89.79,92.63K,0.26%
10/27/2021,90.2,89.97,90.47,89.84,74.72K,0.29%
10/26/2021,89.94,89.99,90.37,89.84,65.45K,-0.05%
10/25/2021,89.98,89.5,90.12,89.41,63.69K,0.61%
10/22/2021,89.43,89.44,90.03,89.27,81.11K,0.01%
10/21/2021,89.43,90.03,90.42,89.33,71.08K,-0.66%
10/20/2021,90.02,90.09,90.41,89.61,66.57K,-0.02%
10/19/2021,90.04,89.35,90.26,89.29,63.95K,0.81%
10/18/2021,89.32,89.37,89.57,88.94,71.54K,-0.07%
10/15/2021,89.38,89.3,89.6,89.14,63.70K,0.11%
10/14/2021,89.28,88.98,89.44,88.89,54.05K,0.36%
10/13/2021,88.96,88.82,89.03,88.3,83.42K,0.20%
10/12/2021,88.79,88.65,89.24,88.4,61.95K,0.18%
10/11/2021,88.63,87.76,88.91,87.49,64.66K,1.11%
10/8/2021,87.66,87.51,88.06,87.38,73.58K,0.20%
10/7/2021,87.48,87.25,87.65,87.06,71.79K,0.28%
10/6/2021,87.23,86.81,87.31,86.43,91.87K,0.45%
10/5/2021,86.84,86.62,86.99,86.34,92.27K,0.31%
10/4/2021,86.57,86.14,86.87,85.99,75.53K,0.62%
10/1/2021,86.04,85.81,86.3,85.46,77.84K,0.26%
9/30/2021,85.82,85.14,86.21,85.09,93.65K,0.81%
9/29/2021,85.12,85.72,86.24,85.06,76.89K,-0.69%
9/28/2021,85.72,86.1,86.34,85.59,95.43K,-0.40%
9/27/2021,86.07,85.6,86.2,85.41,66.32K,0.54%
9/24/2021,85.6,85.98,86.23,85.32,59.30K,-0.41%
9/23/2021,85.96,85.65,86.21,85.37,73.29K,0.38%
9/22/2021,85.63,85.16,86.26,85.08,85.54K,0.54%
9/21/2021,85.17,85.5,85.86,85.05,73.34K,-0.43%
9/20/2021,85.54,85.46,85.72,84.96,74.13K,0.15%
9/17/2021,85.41,85.76,86.16,85.37,61.24K,-0.38%
9/16/2021,85.73,86.24,86.39,85.56,74.41K,-0.58%
9/15/2021,86.23,86.33,86.48,86.01,69.03K,-0.04%
9/14/2021,86.26,86.86,86.94,86.21,78.95K,-0.64%
9/13/2021,86.82,86.55,86.95,86.43,62.93K,0.38%
9/10/2021,86.49,86.66,87.16,86.41,76.67K,-0.15%
9/9/2021,86.62,86.73,86.98,86.56,66.18K,-0.11%
9/8/2021,86.72,86.77,87.08,86.5,81.31K,-0.02%
9/7/2021,86.74,87.03,87.38,86.63,81.48K,-0.32%
9/6/2021,87.01,87.17,87.22,86.78,60.16K,-0.14%
9/3/2021,87.13,86.51,87.38,86.44,70.51K,0.75%
9/2/2021,86.49,86.15,86.63,86.01,63.47K,0.43%
9/1/2021,86.11,85.46,86.36,85.35,72.95K,0.79%
8/31/2021,85.44,85.53,85.95,85.29,65.81K,-0.07%
8/30/2021,85.5,86.18,86.33,85.42,43.33K,-0.80%
8/27/2021,86.19,85.93,86.27,85.29,70.06K,0.34%
8/26/2021,85.9,86.44,86.5,85.9,66.06K,-0.61%
8/25/2021,86.42,86.16,86.5,85.93,56.44K,0.32%
8/24/2021,86.15,85.62,86.33,85.5,42.74K,0.65%
8/23/2021,85.59,84.82,85.72,84.64,53.70K,0.80%
8/20/2021,84.91,84.9,85.11,84.61,72.90K,0.03%
8/19/2021,84.88,85.93,86.05,84.83,83.81K,-1.18%
8/18/2021,85.89,86.25,86.5,85.86,69.09K,-0.43%
8/17/2021,86.26,87.16,87.23,86.16,62.54K,-1.04%
8/16/2021,87.16,87.54,87.64,86.95,53.17K,-0.43%
8/13/2021,87.54,87.15,87.71,87.11,46.66K,0.47%
8/12/2021,87.14,87.82,87.87,87.11,52.48K,-0.75%
8/11/2021,87.79,87.5,88.01,87.21,53.22K,0.32%
8/10/2021,87.52,87.16,87.61,86.93,54.41K,0.44%
8/9/2021,87.13,87.33,87.51,86.95,58.89K,-0.16%
8/6/2021,87.27,87.9,87.91,87.17,52.22K,-0.66%
8/5/2021,87.86,87.62,88.01,87.55,55.86K,0.31%
8/4/2021,87.59,87.92,88.17,87.49,54.08K,-0.33%
8/3/2021,87.88,87.59,88.12,87.49,57.13K,0.39%
8/2/2021,87.54,87.41,87.82,87.25,51.82K,0.12%
7/30/2021,87.44,87.89,88.11,87.28,59.34K,-0.52%
7/29/2021,87.9,87.79,88.1,87.57,60.83K,0.14%
7/28/2021,87.77,87.71,87.89,87.07,83.74K,0.10%
7/27/2021,87.69,87.95,87.99,87.46,68.21K,-0.21%
7/26/2021,87.87,87.7,88.01,87.35,53.48K,0.22%
7/23/2021,87.68,87.95,88.19,87.58,44.05K,-0.25%
7/22/2021,87.9,87.86,88.15,87.59,59.85K,0.07%
7/21/2021,87.84,87.54,87.91,87.02,48.60K,0.40%
7/20/2021,87.49,87.98,88.15,87.12,64.78K,-0.52%
7/19/2021,87.95,88.3,88.51,87.72,70.72K,-0.40%
7/16/2021,88.31,88.59,88.83,88.19,53.31K,-0.30%
7/15/2021,88.57,89.28,89.36,88.39,52.55K,-0.77%
7/14/2021,89.26,88.76,89.35,88.63,52.14K,0.55%
7/13/2021,88.77,89.19,89.54,88.53,47.50K,-0.46%
7/12/2021,89.18,89.36,89.52,88.86,55.36K,-0.23%
7/9/2021,89.39,88.8,89.51,88.56,59.15K,0.67%
7/8/2021,88.79,89.34,89.42,88.65,76.73K,-0.58%
7/7/2021,89.31,89.43,89.97,89.08,56.42K,-0.11%
7/6/2021,89.4,89.52,90.49,89.22,84.22K,-0.11%
7/5/2021,89.5,89.98,90.07,89.36,50.78K,-0.53%
7/2/2021,89.98,89.12,90.11,89,47.87K,0.97%
7/1/2021,89.12,89.17,89.59,88.96,46.94K,-0.06%
6/30/2021,89.17,89.21,89.57,89.1,48.23K,-0.03%
6/29/2021,89.19,89.84,89.88,89.15,52.85K,-0.70%
6/28/2021,89.82,90.09,90.32,89.67,48.39K,-0.27%
6/25/2021,90.06,89.97,90.44,89.94,54.88K,0.10%
6/24/2021,89.97,90.03,90.14,89.81,54.45K,-0.05%
6/23/2021,90.01,89.89,90.32,89.6,52.79K,0.16%
6/22/2021,89.87,89.32,90.02,88.96,61.14K,0.59%
6/21/2021,89.33,88.45,89.49,88.38,73.13K,1.10%
6/18/2021,88.36,89.53,89.64,88.36,77.39K,-1.25%
6/17/2021,89.48,89.3,90.12,89.14,71.01K,0.23%
6/16/2021,89.28,90.19,90.53,89.24,54.46K,-0.96%
6/15/2021,90.15,90.42,90.48,90.02,47.22K,-0.28%
6/14/2021,90.4,90.08,90.59,89.94,37.37K,0.34%
6/11/2021,90.09,90.65,90.89,89.88,37.47K,-0.57%
6/10/2021,90.61,90.28,90.77,90.16,54.07K,0.40%
6/9/2021,90.24,90.27,90.65,90.18,42.96K,-0.02%
6/8/2021,90.26,90.38,90.47,90.13,43.48K,-0.05%
6/7/2021,90.31,90.42,90.51,89.98,35.91K,-0.06%
6/4/2021,90.36,89.34,90.48,89.25,49.21K,1.15%
6/3/2021,89.33,90.68,90.7,89.18,49.69K,-1.46%
6/2/2021,90.65,90.47,90.87,90.22,48.32K,0.24%
6/1/2021,90.43,89.87,90.63,89.82,55.82K,0.65%
5/31/2021,89.85,89.37,89.97,89.25,48.74K,0.51%
5/28/2021,89.39,89.93,90,88.98,61.19K,-0.63%
5/27/2021,89.96,90.12,90.19,89.74,89.20K,-0.16%
5/26/2021,90.11,90.24,90.79,90.01,70.83K,-0.14%
5/25/2021,90.23,90.5,90.62,90.04,57.41K,-0.29%
5/24/2021,90.5,90.1,90.58,89.88,51.73K,0.45%
5/21/2021,90.09,90.96,91,89.95,56.12K,-0.93%
5/20/2021,90.94,90.48,91.03,90.34,59.87K,0.55%
5/19/2021,90.44,91.08,91.15,90.27,70.17K,-0.67%
5/18/2021,91.05,90.92,91.36,90.89,57.90K,0.13%
5/17/2021,90.94,91.23,91.37,90.55,57.87K,-0.22%
5/14/2021,91.13,90.79,91.33,90.61,64.64K,0.38%
5/13/2021,90.79,90.74,91.01,90.31,78.92K,0.05%
5/12/2021,90.75,92.02,92.1,90.67,76.54K,-1.36%
5/11/2021,91.99,91.91,92.21,91.76,68.92K,0.11%
5/10/2021,91.89,92.31,92.63,91.86,63.90K,-0.37%
5/7/2021,92.24,91.82,92.49,91.34,60.26K,0.48%
5/6/2021,91.8,91.63,91.92,91.07,62.07K,0.20%
5/5/2021,91.62,91.06,91.71,91.04,48.93K,0.63%
5/4/2021,91.04,91.81,91.85,90.7,71.40K,-0.81%
5/3/2021,91.78,91.46,91.86,91.29,52.69K,0.38%
4/30/2021,91.43,92,92.29,91.2,62.35K,-0.58%
4/29/2021,91.97,92.69,93.02,91.81,57.57K,-0.73%
4/28/2021,92.65,92.75,92.85,92.04,62.53K,-0.09%
4/27/2021,92.73,93.23,93.31,92.7,59.24K,-0.53%
4/26/2021,93.23,92.95,93.45,92.81,52.78K,0.29%
4/23/2021,92.96,92.38,93.16,92.32,73.81K,0.58%
4/22/2021,92.42,92.88,93.38,92.23,73.68K,-0.48%
4/21/2021,92.87,92.56,93.01,92.24,66.24K,0.36%
4/20/2021,92.53,92.98,93.51,92.36,78.08K,-0.43%
4/19/2021,92.93,92.06,93.26,91.67,69.52K,1.02%
4/16/2021,91.99,92.93,92.99,91.96,63.15K,-1.00%
4/15/2021,92.92,92.81,93.22,92.57,75.75K,0.22%
4/14/2021,92.72,91.75,92.94,91.69,76.00K,1.06%
4/13/2021,91.74,91.56,91.87,91.11,73.20K,0.22%
4/12/2021,91.54,91.12,91.72,90.82,73.55K,0.45%
4/9/2021,91.13,91.34,91.45,90.86,62.28K,-0.20%
4/8/2021,91.32,90.87,91.44,90.6,59.79K,0.55%
4/7/2021,90.82,90.04,91.22,89.88,64.03K,0.89%
4/6/2021,90.02,89.74,90.11,89.35,54.84K,0.37%
4/5/2021,89.69,88.95,89.84,88.92,42.31K,0.81%
4/2/2021,88.97,89.1,89.35,88.84,30.09K,-0.14%
4/1/2021,89.1,88.87,89.13,88.1,76.56K,0.28%
3/31/2021,88.85,89.2,89.52,88.78,64.91K,-0.35%
3/30/2021,89.16,88.53,89.73,88.51,70.42K,0.72%
3/29/2021,88.52,88.63,88.83,88.34,61.04K,-0.07%
3/26/2021,88.58,88.08,88.71,88.01,53.68K,0.59%
3/25/2021,88.06,88.03,88.49,87.88,55.76K,0.05%
3/24/2021,88.02,88.32,88.64,88,56.11K,-0.34%
3/23/2021,88.32,89.7,89.74,88.26,61.33K,-1.50%
3/22/2021,89.66,89.63,89.82,89.18,56.59K,-0.17%
3/19/2021,89.81,90.05,90.18,89.54,79.09K,-0.21%
3/18/2021,90.01,90.5,91.03,89.93,85.87K,-0.50%
3/17/2021,90.46,89.9,90.66,89.37,66.57K,0.62%
3/16/2021,89.9,89.93,90.06,89.55,63.27K,-0.01%
3/15/2021,89.92,90.21,90.56,89.36,71.20K,-0.56%
3/12/2021,90.42,90.87,91.01,89.95,79.63K,-0.45%
3/11/2021,90.84,90.24,90.93,90.09,71.75K,0.69%
3/10/2021,90.22,90.04,90.37,89.53,81.64K,0.28%
3/9/2021,89.96,89.69,90.15,89.32,110.94K,0.35%
3/8/2021,89.65,89.82,90.22,89.51,117.68K,-0.16%
3/5/2021,89.79,90.07,90.09,89.05,123.01K,-0.26%
3/4/2021,90.02,90.46,91.04,89.82,124.13K,-0.48%
3/3/2021,90.45,91.77,92.01,90.4,109.47K,-1.44%
3/2/2021,91.77,91.46,92.01,90.89,118.48K,0.40%
3/1/2021,91.41,90.66,91.64,90.5,109.97K,0.93%
2/26/2021,90.56,91.21,91.89,90.42,132.67K,-0.70%
2/25/2021,91.21,92.21,92.79,91.06,120.65K,-1.06%
2/24/2021,92.19,91.72,92.28,91.36,102.82K,0.53%
2/23/2021,91.7,91.84,92.06,91.35,91.68K,-0.13%
2/22/2021,91.82,91.39,91.99,91.03,88.34K,0.39%
2/19/2021,91.47,90.3,91.58,90.17,102.58K,1.31%
2/18/2021,90.28,90.22,90.56,89.87,88.95K,0.11%
2/17/2021,90.18,90.22,90.5,89.89,92.19K,-0.03%
2/16/2021,90.21,90.49,90.79,90.07,68.30K,-0.28%
2/15/2021,90.47,90.28,90.64,90.19,50.66K,0.25%
2/12/2021,90.24,90.37,90.49,89.84,54.18K,-0.11%
2/11/2021,90.35,90,90.6,89.87,55.98K,0.41%
2/10/2021,89.98,90.27,90.41,89.93,81.04K,-0.29%
2/9/2021,90.24,89.95,90.29,89.88,62.09K,0.39%
2/8/2021,89.89,89.33,90.07,89.29,63.93K,0.35%
2/5/2021,89.58,88.73,89.62,88.51,71.57K,0.99%
2/4/2021,88.7,88.93,89.29,88.57,71.79K,-0.24%
2/3/2021,88.91,88.81,89.02,88.73,66.83K,0.14%
2/2/2021,88.79,89.04,89.53,88.29,78.71K,-0.25%
2/1/2021,89.01,89.24,89.64,88.78,102.89K,-0.21%
1/29/2021,89.2,89.74,89.95,89.07,104.80K,-0.60%
1/28/2021,89.74,89.41,89.97,88.77,98.88K,0.40%
1/27/2021,89.38,90.36,90.62,89.18,90.92K,-1.08%
1/26/2021,90.36,90.02,90.51,89.5,69.18K,0.45%
1/25/2021,89.95,90.18,90.44,89.66,82.26K,-0.15%
1/22/2021,90.09,90.69,90.75,89.93,78.00K,-0.62%
1/21/2021,90.66,90.52,90.9,90.4,72.88K,0.16%
1/20/2021,90.51,90.09,90.7,90.04,71.30K,0.48%
1/19/2021,90.08,90.06,90.52,89.95,74.65K,0.05%
1/18/2021,90.03,90.1,90.22,89.78,68.41K,-0.02%
1/15/2021,90.04,90.9,91.04,89.81,82.41K,-0.92%
1/14/2021,90.88,90.51,91.23,90.44,82.14K,0.44%
1/13/2021,90.49,91.1,91.22,90.37,79.19K,-0.64%
1/12/2021,91.07,90.38,91.18,90.21,84.52K,0.75%
1/11/2021,90.39,90.89,91.08,90.01,79.59K,-0.58%
1/8/2021,90.92,91.08,91.41,90.56,95.59K,-0.24%
1/7/2021,91.13,91.26,91.45,90.63,90.64K,-0.12%
1/6/2021,91.24,90.86,91.48,90.54,108.60K,0.46%
1/5/2021,90.82,89.57,91.08,89.51,88.42K,1.44%
1/4/2021,89.53,90.12,90.45,89.28,90.55K,-0.67%
1/1/2021,90.13,89.96,90.15,89.92,2.10K,0.21%
12/31/2020,89.94,90.15,90.53,89.9,74.62K,-0.20%
12/30/2020,90.13,89.36,90.17,89.31,66.92K,0.88%
12/29/2020,89.34,89.13,89.59,89.1,60.50K,0.25%
12/28/2020,89.12,89.24,89.77,88.88,69.67K,-0.33%
12/25/2020,89.42,89.4,89.6,89.14,6.11K,0.13%
12/24/2020,89.3,89.4,89.67,89.25,65.79K,-0.07%
12/23/2020,89.36,88.88,89.61,88.81,78.89K,0.58%
12/22/2020,88.85,89.53,89.62,88.81,86.43K,-0.76%
12/21/2020,89.53,89.42,89.72,88.08,99.09K,-0.22%
12/18/2020,89.73,89.76,89.85,89.19,65.51K,-0.02%
12/17/2020,89.74,89.2,89.96,89.07,61.35K,0.64%
12/16/2020,89.18,89.07,89.24,88.74,66.02K,0.16%
12/15/2020,89.04,88.71,89.23,88.39,62.79K,0.35%
12/14/2020,88.73,88.85,89.23,88.66,66.07K,-0.05%
12/11/2020,88.77,88.8,89.26,88.64,67.80K,-0.01%
12/10/2020,88.78,87.68,88.87,87.41,70.61K,1.31%
12/9/2020,87.63,87.19,88.12,87.09,67.53K,0.52%
12/8/2020,87.18,87.75,87.85,87.04,64.11K,-0.63%
12/7/2020,87.73,87.8,88.14,87.21,72.38K,0.11%
12/4/2020,87.63,87.97,88.03,87.5,73.10K,-0.35%
12/3/2020,87.94,87.54,88.1,87.32,69.62K,0.43%
12/2/2020,87.56,86.9,87.63,86.61,75.38K,0.79%
12/1/2020,86.87,87.03,87.36,86.49,69.68K,-0.17%
11/30/2020,87.02,87.59,87.78,86.96,69.62K,-0.56%
11/27/2020,87.51,87.04,87.69,86.91,62.96K,0.55%
11/26/2020,87.03,87.09,87.23,86.88,55.29K,-0.05%
11/25/2020,87.07,87.17,87.33,86.62,76.76K,-0.09%
11/24/2020,87.15,86.39,87.23,86.35,78.14K,0.90%
11/23/2020,86.37,86.68,87.01,86.14,70.44K,-0.32%
11/20/2020,86.65,86.6,86.93,86.33,75.13K,0.07%
11/19/2020,86.58,86.73,86.75,86.2,77.06K,-0.15%
11/18/2020,86.72,86.99,87.11,86.58,77.65K,-0.27%
11/17/2020,86.95,87.37,87.51,86.84,75.46K,-0.46%
11/16/2020,87.35,86.69,87.47,86.59,77.62K,0.69%
11/13/2020,86.75,86.39,86.84,86.16,74.18K,0.44%
11/12/2020,86.37,86.66,87,86.27,87.66K,-0.29%
11/11/2020,86.62,86.46,86.98,86.35,82.41K,0.19%
11/10/2020,86.45,86.46,86.69,86.08,109.01K,0.05%
11/9/2020,86.41,86.14,87.12,86.14,114.84K,0.32%
11/6/2020,86.13,86.68,86.73,85.83,106.66K,-0.61%
11/5/2020,86.66,85.9,86.78,85.14,114.08K,1.03%
11/4/2020,85.77,85.3,86.1,83.92,142.15K,0.63%
11/3/2020,85.24,84.01,85.43,83.51,75.46K,1.48%
11/2/2020,84,83.4,84.06,82.96,87.57K,0.84%
10/30/2020,83.3,83.35,83.87,83.12,95.39K,-0.03%
10/29/2020,83.32,83.28,83.87,83.02,97.60K,0.08%
10/28/2020,83.26,84.04,84.49,83.19,91.62K,-0.95%
10/27/2020,84.06,84.17,84.4,83.93,73.93K,-0.11%
10/26/2020,84.15,83.98,84.46,83.77,79.75K,0.13%
10/23/2020,84.04,83.74,84.34,83.6,68.41K,0.37%
10/22/2020,83.73,83.8,83.88,83.41,81.84K,-0.05%
10/21/2020,83.78,82.83,84.04,82.82,73.22K,1.14%
10/20/2020,82.83,82.98,83.15,82.49,70.51K,-0.16%
10/19/2020,82.96,83.18,83.54,82.86,71.06K,-0.14%
10/16/2020,83.08,83.29,83.35,82.98,71.64K,-0.23%
10/15/2020,83.27,84,84.13,82.84,87.48K,-0.87%
10/14/2020,84,84.05,84.35,83.9,73.04K,-0.03%
10/13/2020,84.03,84.52,84.58,83.92,80.49K,-0.55%
10/12/2020,84.49,84.54,84.84,84.3,66.89K,-0.25%
10/9/2020,84.7,84,84.77,83.87,61.86K,0.87%
10/8/2020,83.97,83.8,84.07,83.57,67.21K,0.26%
10/7/2020,83.76,83.47,83.93,83.39,79.94K,0.32%
10/6/2020,83.49,84.21,84.55,83.44,86.59K,-0.83%
10/5/2020,84.18,83.68,84.37,83.68,77.11K,0.42%
10/2/2020,83.83,84.08,84.16,83.45,102.78K,-0.28%
10/1/2020,84.06,84.53,84.8,83.81,92.28K,-0.55%
9/30/2020,84.53,84.26,84.7,83.81,92.24K,0.37%
9/29/2020,84.21,83.47,84.37,83.44,70.12K,0.91%
9/28/2020,83.45,82.78,83.53,82.55,74.50K,0.83%
9/25/2020,82.76,83.31,83.54,82.51,84.38K,-0.64%
9/24/2020,83.29,83.25,83.64,82.91,89.10K,0.03%
9/23/2020,83.27,84.43,84.52,83.2,91.87K,-1.34%
9/22/2020,84.4,84.84,85.19,84.22,86.30K,-0.47%
9/21/2020,84.8,85.87,86.07,84.52,86.28K,-1.00%
9/18/2020,85.65,86.18,86.44,85.58,85.41K,-0.59%
9/17/2020,86.16,85.97,86.22,85.35,91.61K,0.27%
9/16/2020,85.93,86.05,86.42,85.61,76.58K,-0.12%
9/15/2020,86.03,85.69,86.54,85.43,67.54K,0.42%
9/14/2020,85.67,85.64,85.88,85.36,53.36K,-0.03%
9/11/2020,85.69,85.28,85.98,85.22,69.49K,0.48%
9/10/2020,85.28,85.68,86.1,85.17,83.55K,-0.46%
9/9/2020,85.67,84.95,85.76,84.69,83.01K,0.87%
9/8/2020,84.93,85.39,85.94,84.9,82.01K,-0.49%
9/7/2020,85.35,85.22,85.57,85.11,66.88K,0.18%
9/4/2020,85.2,85.5,85.58,84.51,90.64K,-0.33%
9/3/2020,85.48,85.76,86.05,85.4,92.21K,-0.28%
9/2/2020,85.73,85.95,86.08,85.31,81.47K,-0.24%
9/1/2020,85.93,86.89,87.33,85.79,88.82K,-1.07%
8/31/2020,86.86,86.39,87.2,86.2,75.06K,0.43%
8/28/2020,86.49,85.79,86.54,85.53,86.64K,0.90%
8/27/2020,85.72,85.97,86.21,85.24,84.11K,-0.28%
8/26/2020,85.95,85.56,86.08,85.44,71.93K,0.48%
8/25/2020,85.54,85.17,85.6,85.03,70.86K,0.47%
8/24/2020,85.14,85.68,86.02,85.06,68.82K,-0.70%
8/21/2020,85.75,86.35,86.63,85.48,77.06K,-0.67%
8/20/2020,86.32,85.97,86.48,85.66,77.44K,0.42%
8/19/2020,85.96,86.61,87.13,85.94,72.83K,-0.76%
8/18/2020,86.62,86.45,86.91,86.3,66.26K,0.21%
8/17/2020,86.44,85.85,86.62,85.8,60.58K,0.58%
8/14/2020,85.94,85.61,86.01,85.4,63.91K,0.41%
8/13/2020,85.59,85.73,86.08,85.44,72.11K,-0.19%
8/12/2020,85.75,85.46,85.93,85.05,79.91K,0.36%
8/11/2020,85.44,85.69,86.13,85.36,76.81K,-0.26%
8/10/2020,85.67,85.85,86.1,85.56,65.75K,-0.15%
8/7/2020,85.8,86.72,86.86,85.65,77.13K,-1.06%
8/6/2020,86.72,86.24,86.81,86.01,82.93K,0.58%
8/5/2020,86.22,85.99,86.84,85.89,78.15K,0.28%
8/4/2020,85.98,85.51,86.09,85.28,85.76K,0.57%
8/3/2020,85.49,85.54,85.69,84.93,84.63K,0.00%
7/31/2020,85.49,86.15,86.53,85.38,110.34K,-0.74%
7/30/2020,86.13,85.99,86.21,85.26,101.74K,0.15%
7/29/2020,86,85.71,86.18,85.59,92.75K,0.36%
7/28/2020,85.69,85.6,85.94,85.19,100.11K,0.11%
7/27/2020,85.6,84.95,85.63,84.83,100.65K,0.65%
7/24/2020,85.04,84.91,85.24,84.57,107.01K,0.18%
7/23/2020,84.89,85.39,85.69,84.81,103.62K,-0.57%
7/22/2020,85.38,85.26,85.93,85.08,94.48K,0.19%
7/21/2020,85.21,84.08,85.49,83.91,82.51K,1.37%
7/20/2020,84.06,83.92,84.14,83.68,78.09K,0.13%
7/17/2020,83.95,83.88,84.14,83.7,89.07K,0.14%
7/16/2020,83.84,84.24,84.38,83.77,104.93K,-0.48%
7/15/2020,84.25,84.13,84.7,84.09,102.12K,0.12%
7/14/2020,84.15,83.5,84.21,83.32,95.70K,0.79%
7/13/2020,83.49,83.66,84.15,83.48,82.54K,-0.13%
7/10/2020,83.6,83.57,83.88,83.2,85.18K,0.06%
7/9/2020,83.55,83.82,84.05,83.39,88.41K,-0.30%
7/8/2020,83.8,83.3,83.86,83.09,80.00K,0.62%
7/7/2020,83.28,83.3,83.68,82.99,78.11K,-0.03%
7/6/2020,83.31,82.82,83.54,82.68,71.66K,0.57%
7/3/2020,82.83,83.09,83.26,82.64,72.50K,-0.29%
7/2/2020,83.08,83.64,83.8,82.82,87.47K,-0.63%
7/1/2020,83.61,83.4,83.99,83.17,84.18K,0.28%
6/30/2020,83.38,83.03,83.51,82.54,90.16K,0.45%
6/29/2020,83.01,83.08,83.37,82.73,90.65K,-0.02%
6/26/2020,83.03,83.38,83.5,82.79,95.67K,-0.39%
6/25/2020,83.35,83.27,83.46,82.86,107.83K,0.18%
6/24/2020,83.2,83.94,84.28,83.14,102.41K,-0.79%
6/23/2020,83.86,84.04,84.43,83.42,99.65K,-0.15%
6/22/2020,83.99,83.4,84.22,82.94,91.62K,0.84%
6/19/2020,83.28,83.47,84.27,83.25,105.78K,-0.21%
6/18/2020,83.46,83.86,84.1,83.27,116.58K,-0.48%
6/17/2020,83.86,83.98,84.4,83.55,119.11K,-0.20%
6/16/2020,84.03,84.16,84.87,83.34,118.24K,-0.14%
6/15/2020,84.14,83.01,84.25,82.52,110.88K,1.06%
6/12/2020,83.26,83.14,83.88,82.44,125.14K,0.19%
6/11/2020,83.1,84.64,84.73,82.93,125.06K,-1.79%
6/10/2020,84.62,84.21,85.42,83.86,102.34K,0.51%
6/9/2020,84.19,84.84,85.13,83.43,94.90K,-0.76%
6/8/2020,84.83,84.3,84.98,84.13,87.43K,0.67%
6/5/2020,84.26,83.95,84.73,83.8,109.26K,0.38%
6/4/2020,83.94,83.51,84.51,83.14,104.87K,0.48%
6/3/2020,83.54,83.15,84.23,82.78,112.40K,0.48%
6/2/2020,83.14,82.16,83.2,81.88,99.14K,1.21%
6/1/2020,82.15,80.54,82.25,80.4,100.39K,1.86%
5/29/2020,80.65,80.44,80.88,80.07,111.29K,0.28%
5/28/2020,80.42,80.21,80.82,79.81,106.83K,0.28%
5/27/2020,80.19,80.54,80.93,79.58,101.83K,-0.40%
5/26/2020,80.52,79.53,80.83,79.44,83.58K,1.25%
5/25/2020,79.52,79.23,79.62,79.21,68.51K,0.14%
5/22/2020,79.41,79.42,79.58,79.01,95.34K,0.01%
5/21/2020,79.4,80.01,80.05,79.28,84.56K,-0.75%
5/20/2020,80,79.13,80.25,78.96,83.40K,1.14%
5/19/2020,79.1,79.24,79.7,78.83,92.22K,-0.14%
5/18/2020,79.21,77.68,79.3,77.49,82.03K,2.15%
5/15/2020,77.55,78.13,78.29,77.39,91.09K,-0.73%
5/14/2020,78.11,77.91,78.18,77.42,101.10K,0.23%
5/13/2020,77.93,78.2,78.8,77.73,109.33K,-0.27%
5/12/2020,78.15,78.65,78.97,77.93,95.65K,-0.61%
5/11/2020,78.62,78.92,79.41,78.24,89.38K,-0.36%
5/8/2020,78.91,78.73,79.38,78.61,85.77K,0.30%
5/7/2020,78.68,77.58,78.87,77.3,91.25K,1.42%
5/6/2020,77.57,77.82,78.23,77.49,84.37K,-0.29%
5/5/2020,77.8,77.88,78.38,77.64,80.92K,-0.05%
5/4/2020,77.84,77.16,77.96,76.58,94.00K,0.94%
5/1/2020,77.12,78.25,78.28,77.03,85.96K,-1.43%
4/30/2020,78.24,79.42,79.45,77.99,92.03K,-1.44%
4/29/2020,79.38,79.13,79.7,78.78,81.24K,0.34%
4/28/2020,79.11,78.87,79.43,78.48,81.76K,0.34%
4/27/2020,78.85,78.13,78.96,78.02,72.64K,0.96%
4/24/2020,78.1,77.55,78.28,77.29,91.65K,0.75%
4/23/2020,77.52,77.58,77.99,76.9,101.85K,-0.06%
4/22/2020,77.56,77.21,78.08,77.16,91.96K,0.46%
4/21/2020,77.21,77.59,77.74,76.87,102.82K,-0.48%
4/20/2020,77.58,77.7,78.36,77.43,94.46K,-0.21%
4/17/2020,77.74,77.81,78.53,77.22,114.42K,-0.10%
4/16/2020,77.82,77.29,77.9,76.62,123.84K,0.72%
4/15/2020,77.27,78.62,78.65,76.85,106.93K,-1.68%
4/14/2020,78.59,77.89,78.66,77.79,103.73K,0.96%
4/13/2020,77.84,77.46,78.23,77.21,96.76K,0.50%
4/10/2020,77.46,77.4,77.75,77.05,55.43K,0.14%
4/9/2020,77.35,76.11,77.67,75.78,117.73K,1.61%
4/8/2020,76.12,74.65,76.33,74.08,128.09K,2.00%
4/7/2020,74.63,74.23,75.19,74.07,125.25K,0.58%
4/6/2020,74.2,73.29,74.47,73.05,122.05K,1.52%
4/3/2020,73.09,73.37,73.87,72.78,139.21K,-0.35%
4/2/2020,73.35,73.49,74.1,72.71,131.17K,-0.18%
4/1/2020,73.48,74.25,74.75,73.11,133.29K,-1.06%
3/31/2020,74.27,74.7,75.03,73.37,149.53K,-0.47%
3/30/2020,74.62,73.63,74.76,73.21,141.55K,1.07%
3/27/2020,73.83,72.94,74.27,72.13,133.85K,1.26%
3/26/2020,72.91,72.36,73.21,71.17,127.97K,0.80%
3/25/2020,72.34,72.32,73.75,72.01,116.87K,0.02%
3/24/2020,72.32,71.2,72.79,70.95,117.41K,1.67%
3/23/2020,71.14,69.76,71.37,68.58,116.74K,2.00%
3/20/2020,69.74,68.99,71.77,68.05,121.16K,1.12%
3/19/2020,68.97,68.59,71.66,65.44,135.01K,0.59%
3/18/2020,68.57,71.29,71.62,67.74,121.16K,-3.78%
3/17/2020,71.27,72.65,73.05,70.8,109.13K,-1.90%
3/16/2020,72.65,72.5,74.58,72.02,121.02K,-0.53%
3/13/2020,73.04,74.09,75.27,72.33,118.07K,-1.41%
3/12/2020,74.08,76.42,76.88,73.81,112.24K,-3.04%
3/11/2020,76.41,77.18,77.3,76.38,104.30K,-0.94%
3/10/2020,77.14,78.15,78.44,76.65,107.87K,-1.23%
3/9/2020,78.1,78.12,79.3,74.57,110.85K,-0.46%
3/6/2020,78.46,77.62,78.59,77.27,84.91K,1.09%
3/5/2020,77.61,77.62,77.96,77.26,75.96K,0.01%
3/4/2020,77.6,77.16,77.81,77.01,76.95K,0.60%
3/3/2020,77.14,76.11,77.91,75.63,84.62K,1.38%
3/2/2020,76.09,74.97,76.27,74.62,93.09K,1.17%
2/28/2020,75.21,75.27,75.51,74.35,93.22K,-0.06%
2/27/2020,75.26,75.02,75.55,75,72.39K,0.35%
2/26/2020,75,75.86,75.92,74.98,66.37K,-1.15%
2/25/2020,75.87,76.01,76.23,75.65,59.96K,-0.18%
2/24/2020,76.01,75.97,76.2,75.43,68.49K,0.10%
2/21/2020,75.93,75.82,76.1,75.46,64.91K,0.18%
2/20/2020,75.79,76.4,76.66,75.74,66.75K,-0.80%
2/19/2020,76.4,76.55,76.79,76.28,44.78K,-0.13%
2/18/2020,76.51,76.6,76.69,76.25,51.25K,-0.10%
2/17/2020,76.58,76.67,76.96,76.57,41.63K,-0.12%
2/14/2020,76.68,76.66,76.85,76.55,48.10K,0.03%
2/13/2020,76.65,76.93,77.02,76.57,52.97K,-0.33%
2/12/2020,76.91,76.57,77.09,76.53,56.20K,0.48%
2/11/2020,76.54,76.29,76.83,76.22,53.24K,0.35%
2/10/2020,76.27,76.32,76.63,76.06,56.76K,0.08%
2/7/2020,76.21,76.68,76.76,76.1,54.32K,-0.59%
2/6/2020,76.67,76.86,77.12,76.63,53.92K,-0.20%
2/5/2020,76.83,76.82,77.21,76.65,68.26K,0.02%
2/4/2020,76.81,76.38,76.87,76.16,64.22K,0.60%
2/3/2020,76.36,76.37,76.81,76.26,60.90K,-0.02%
1/31/2020,76.37,76.89,76.98,76.3,53.50K,-0.62%
1/30/2020,76.85,77,77.1,76.62,58.78K,-0.18%
1/29/2020,76.98,77.17,77.33,76.78,63.59K,-0.24%
1/28/2020,77.17,77.28,77.31,76.91,63.67K,-0.13%
1/27/2020,77.27,77.8,77.94,77.17,65.67K,-0.84%
1/24/2020,77.92,78.08,78.24,77.79,51.08K,-0.18%
1/23/2020,78.06,77.97,78.43,77.87,47.81K,0.13%
1/22/2020,77.96,77.99,78.12,77.77,52.31K,-0.01%
1/21/2020,77.97,78.2,78.34,77.94,55.38K,-0.27%
1/20/2020,78.18,78.27,78.35,77.98,48.51K,0.03%
1/17/2020,78.16,78.27,78.59,78.1,48.64K,-0.14%
1/16/2020,78.26,78.22,78.69,78.14,54.15K,0.08%
1/15/2020,78.2,78.26,78.38,77.91,54.94K,-0.08%
1/14/2020,78.26,78.27,78.38,78.04,57.67K,0.00%
1/13/2020,78.27,78.29,78.55,78.12,54.62K,-0.08%
1/10/2020,78.33,78.14,78.46,77.98,61.52K,0.24%
1/9/2020,78.14,78.76,78.94,78.04,53.33K,-0.75%
1/8/2020,78.73,78.93,79.27,78.55,68.62K,-0.26%
1/7/2020,78.93,79.88,79.92,78.82,54.95K,-1.16%
1/6/2020,79.86,79.84,80.21,79.62,54.92K,0.09%
1/3/2020,79.79,79.87,80.03,79.5,57.49K,-0.07%
1/2/2020,79.84,79.97,80.01,79.68,51.38K,-0.16%
1/1/2020,79.97,80.2,80.2,79.88,6.31K,-0.28%
12/31/2019,80.19,79.82,80.33,79.79,52.91K,0.48%
12/30/2019,79.8,79.67,79.95,79.56,49.60K,0.18%
12/27/2019,79.66,79.25,79.79,79.16,47.43K,0.52%
12/26/2019,79.24,78.95,79.31,78.87,31.72K,0.45%
12/25/2019,78.89,78.91,78.98,78.83,8.13K,-0.01%
12/24/2019,78.9,78.83,79.04,78.72,47.64K,0.11%
12/23/2019,78.82,78.47,78.92,78.4,46.25K,0.41%
12/20/2019,78.49,78.27,78.62,78.22,42.18K,0.33%
12/19/2019,78.24,77.82,78.32,77.76,43.04K,0.56%
12/18/2019,77.8,77.8,77.96,77.67,41.13K,0.03%
12/17/2019,77.78,78.21,78.22,77.61,45.99K,-0.52%
12/16/2019,78.19,78.07,78.37,77.81,42.93K,0.38%
12/13/2019,77.89,78.29,78.65,77.76,64.79K,-0.50%
12/12/2019,78.29,77.92,78.37,77.67,55.34K,0.49%
12/11/2019,77.91,77.27,78.1,77.15,47.94K,0.84%
12/10/2019,77.26,77.55,77.73,77.15,47.86K,-0.36%
12/9/2019,77.54,77.83,77.94,77.51,41.82K,-0.44%
12/6/2019,77.88,77.93,78.24,77.71,50.04K,-0.06%
12/5/2019,77.93,78.39,78.47,77.79,48.72K,-0.57%
12/4/2019,78.38,78.52,78.6,78.14,52.23K,-0.16%
12/3/2019,78.5,78.17,78.63,78.12,50.10K,0.45%
12/2/2019,78.15,77.6,78.26,77.54,42.92K,0.66%
11/29/2019,77.64,77.58,77.95,77.48,44.13K,0.12%
11/28/2019,77.54,77.36,77.64,77.17,43.10K,0.26%
11/27/2019,77.34,77.65,77.68,77.3,44.00K,-0.36%
11/26/2019,77.62,77.8,77.9,77.45,48.05K,-0.19%
11/25/2019,77.77,77.94,78.05,77.66,43.19K,-0.12%
11/22/2019,77.86,77.92,78.14,77.79,44.39K,-0.04%
11/21/2019,77.89,78.17,78.26,77.88,52.31K,-0.33%
11/20/2019,78.15,78.32,78.39,78.01,50.22K,-0.19%
11/19/2019,78.3,78.32,78.43,77.99,44.65K,0.06%
11/18/2019,78.26,78.24,78.44,78.02,44.63K,-0.07%
11/15/2019,78.32,78.16,78.39,77.88,45.33K,0.22%
11/14/2019,78.14,78.88,78.93,77.95,59.17K,-0.91%
11/13/2019,78.86,78.22,78.89,78.09,45.49K,0.84%
11/12/2019,78.2,78.32,78.42,78.1,50.55K,-0.15%
11/11/2019,78.32,78.33,78.54,78.1,46.52K,0.11%
11/8/2019,78.23,78.33,78.55,78.05,52.65K,-0.10%
11/7/2019,78.31,78.17,78.51,77.92,67.20K,0.19%
11/6/2019,78.16,77.98,78.44,77.87,57.91K,0.26%
11/5/2019,77.96,77.95,78.39,77.85,68.02K,0.03%
11/4/2019,77.94,78.28,78.46,77.86,52.62K,-0.50%
11/1/2019,78.32,78.23,78.48,78.06,48.69K,0.14%
10/31/2019,78.21,78.3,78.59,78.1,60.47K,-0.08%
10/30/2019,78.28,77.8,78.32,77.62,53.59K,0.62%
10/29/2019,77.8,77.56,77.91,77.42,46.29K,0.32%
10/28/2019,77.55,77.39,77.65,77.24,40.74K,0.23%
10/25/2019,77.37,77.49,77.62,77.32,44.41K,-0.11%
10/24/2019,77.45,77.76,77.82,77.38,53.25K,-0.38%
10/23/2019,77.75,77.8,77.9,77.55,54.14K,-0.06%
10/22/2019,77.8,78.17,78.35,77.73,55.08K,-0.45%
10/21/2019,78.15,78.04,78.33,77.85,50.47K,0.16%
10/18/2019,78.02,77.7,78.06,77.66,47.57K,0.43%
10/17/2019,77.69,77.25,77.88,77.17,63.81K,0.60%
10/16/2019,77.22,77.3,77.34,76.84,54.97K,-0.08%
10/15/2019,77.28,77.21,77.5,77.09,63.53K,0.10%
10/14/2019,77.2,77.1,77.3,76.82,59.17K,0.11%
10/11/2019,77.12,76.89,77.41,76.78,59.89K,0.31%
10/10/2019,76.88,76.49,77.05,76.29,65.29K,0.57%
10/9/2019,76.45,76.46,76.82,76.39,55.76K,0.00%
10/8/2019,76.45,76.51,76.8,76.39,54.23K,-0.04%
10/7/2019,76.48,76.77,76.82,76.46,57.24K,-0.35%
10/4/2019,76.76,76.48,76.84,76.41,63.35K,0.40%
10/3/2019,76.45,76.27,76.66,76.15,62.17K,0.28%
10/2/2019,76.23,76.26,76.42,75.86,61.92K,0.01%
10/1/2019,76.22,76.55,76.74,75.87,68.58K,-0.35%
9/30/2019,76.49,76.38,76.72,76.05,60.75K,0.16%
9/27/2019,76.37,76.53,76.75,76.19,65.61K,-0.21%
9/26/2019,76.53,76.73,76.92,76.5,72.16K,-0.24%
9/25/2019,76.71,77.28,77.32,76.58,70.35K,-0.71%
9/24/2019,77.27,76.88,77.33,76.62,66.28K,0.52%
9/23/2019,76.87,76.85,77.06,76.71,56.00K,0.07%
9/20/2019,76.82,77.51,77.57,76.72,68.70K,-0.89%
9/19/2019,77.5,77.82,77.88,77.2,73.67K,-0.39%
9/18/2019,77.81,78.86,78.91,77.63,71.18K,-1.30%
9/17/2019,78.83,78.64,78.9,78.28,76.30K,0.26%
9/16/2019,78.63,78.07,78.84,77.82,69.85K,0.77%
9/13/2019,78.03,78.15,78.28,77.88,68.60K,-0.15%
9/12/2019,78.14,78.67,78.91,78.07,73.05K,-0.65%
9/11/2019,78.65,78.72,79.08,78.56,62.06K,-0.04%
9/10/2019,78.69,78.73,78.84,78.56,56.68K,-0.03%
9/9/2019,78.71,78.48,78.91,78.41,60.39K,0.19%
9/6/2019,78.56,78.34,78.75,78.18,78.02K,0.32%
9/5/2019,78.31,78.43,78.77,78.25,89.65K,-0.13%
9/4/2019,78.41,78.29,78.61,78.08,82.29K,0.18%
9/3/2019,78.27,76.75,78.37,76.42,85.07K,2.07%
9/2/2019,76.69,76.79,76.97,76.65,56.65K,-0.34%
8/30/2019,76.95,77.32,77.41,76.74,80.81K,-0.38%
8/29/2019,77.25,77.33,77.6,77.21,81.15K,-0.09%
8/28/2019,77.32,77.23,77.6,77,79.09K,0.13%
8/27/2019,77.21,78.08,78.15,77.19,79.16K,-1.08%
8/26/2019,78.06,77.21,78.24,76.7,104.85K,0.79%
8/23/2019,77.44,77.64,77.9,77.23,81.94K,-0.24%
8/22/2019,77.63,77.65,77.91,77.45,62.60K,0.00%
8/21/2019,77.63,77.76,77.92,77.45,59.38K,-0.13%
8/20/2019,77.73,77.31,77.87,77.18,61.44K,0.58%
8/19/2019,77.28,77.22,77.52,77.07,62.37K,0.13%
8/16/2019,77.18,77.26,77.67,77.07,78.10K,-0.09%
8/15/2019,77.26,76.95,77.44,76.92,90.66K,0.42%
8/14/2019,76.94,77.7,77.79,76.8,94.91K,-0.96%
8/13/2019,77.68,76.5,77.91,76.43,87.55K,1.56%
8/12/2019,76.49,76.91,77,76.4,75.92K,-0.47%
8/9/2019,76.85,76.93,77.24,76.67,84.11K,-0.08%
8/8/2019,76.91,76.64,77.17,76.51,81.33K,0.38%
8/7/2019,76.62,76.6,76.86,75.65,87.66K,0.03%
8/6/2019,76.59,76.47,77.01,76.4,88.23K,0.17%
8/5/2019,76.46,75.7,76.79,75.13,83.83K,1.01%
8/2/2019,75.7,75.13,75.87,75.07,73.38K,0.78%
8/1/2019,75.12,75.34,75.9,75.07,67.42K,-0.28%
7/31/2019,75.33,75.72,76.04,75.19,60.94K,-0.50%
7/30/2019,75.7,75.9,76.02,75.67,44.89K,-0.24%
7/29/2019,75.89,76.25,76.33,75.81,39.18K,-0.35%
7/26/2019,76.15,76.79,76.85,76.08,49.83K,-0.82%
7/25/2019,76.78,77.01,77.1,76.68,56.78K,-0.27%
7/24/2019,76.99,77.28,77.32,76.94,47.04K,-0.35%
7/23/2019,77.25,77.57,77.61,77.17,49.54K,-0.39%
7/22/2019,77.56,77.55,77.83,77.45,53.42K,0.05%
7/19/2019,77.52,78.07,78.15,77.46,74.32K,-0.68%
7/18/2019,78.05,77.18,78.09,77.13,72.87K,1.14%
7/17/2019,77.17,77.1,77.35,76.97,62.71K,0.10%
7/16/2019,77.09,77.2,77.36,77.06,57.65K,-0.13%
7/15/2019,77.19,77.04,77.32,76.98,50.15K,0.10%
7/12/2019,77.11,76.37,77.21,76.32,57.16K,0.97%
7/11/2019,76.37,76.34,76.57,76.18,59.81K,0.06%
7/10/2019,76.32,75.98,76.47,75.81,59.86K,0.47%
7/9/2019,75.96,76.6,76.68,75.89,61.77K,-0.79%
7/8/2019,76.57,76.39,76.94,76.31,57.97K,0.22%
7/5/2019,76.4,76.94,77.27,76.15,83.19K,-0.68%
7/4/2019,76.92,77.51,77.73,76.88,73.22K,-0.73%
7/3/2019,77.49,77.15,77.63,76.99,77.66K,0.47%
7/2/2019,77.13,76.85,77.24,76.79,77.49K,0.39%
7/1/2019,76.83,77.6,77.72,76.73,77.88K,-0.88%
6/28/2019,77.51,77.45,77.57,77.27,76.92K,0.10%
6/27/2019,77.44,77.3,77.59,77.21,76.64K,0.23%
6/26/2019,77.26,77.2,77.48,77.13,84.82K,0.07%
6/25/2019,77.2,77.26,77.44,77.02,93.68K,-0.05%
6/24/2019,77.24,77.1,77.5,77.07,75.66K,0.26%
6/21/2019,77.04,76.91,77.33,76.82,91.43K,0.18%
6/20/2019,76.9,76.72,77.12,76.59,98.00K,0.24%
6/19/2019,76.72,76.7,77.05,76.42,77.91K,0.05%
6/18/2019,76.68,76.65,76.77,76.24,85.94K,0.06%
6/17/2019,76.63,76.74,76.94,76.59,67.34K,-0.15%
6/14/2019,76.75,76.91,77.11,76.62,94.79K,-0.18%
6/13/2019,76.89,76.87,76.98,76.59,87.48K,0.04%
6/12/2019,76.86,77.35,77.38,76.82,92.99K,-0.60%
6/11/2019,77.33,77.57,77.65,77.16,88.22K,-0.33%
6/10/2019,77.58,77.88,78.07,77.37,78.69K,-0.25%
6/7/2019,77.78,77.34,78.07,77.18,79.84K,0.60%
6/6/2019,77.32,77.24,77.53,77.15,96.38K,0.12%
6/5/2019,77.22,77.47,77.66,77.14,99.78K,-0.30%
6/4/2019,77.46,77.32,77.63,77,107.54K,0.20%
6/3/2019,77.3,77.31,77.6,76.98,88.87K,-0.06%
5/31/2019,77.34,77.3,77.45,76.98,112.78K,0.11%
5/30/2019,77.26,77.3,77.59,77.12,90.92K,-0.03%
5/29/2019,77.28,77.2,77.5,77.13,95.27K,0.13%
5/28/2019,77.18,76.96,77.35,76.91,93.56K,0.35%
5/27/2019,76.91,77.1,77.22,76.86,72.29K,-0.13%
5/24/2019,77.01,77.31,77.37,76.74,88.04K,-0.35%
5/23/2019,77.28,76.7,77.32,76.3,87.17K,0.78%
5/22/2019,76.68,76.78,76.92,76.6,86.32K,-0.12%
5/21/2019,76.77,77.08,77.33,76.57,92.95K,-0.37%
5/20/2019,77.06,77.83,77.98,76.74,89.72K,-0.12%
5/17/2019,77.15,77.23,77.45,77.12,94.85K,-0.09%
5/16/2019,77.22,77.97,78.04,77.15,95.59K,-0.95%
5/15/2019,77.96,78.26,78.32,77.75,99.17K,-0.34%
5/14/2019,78.23,78.37,78.55,78.09,89.56K,-0.16%
5/13/2019,78.35,78.31,78.77,78,93.17K,0.06%
5/10/2019,78.3,78.21,78.56,78.1,109.43K,0.14%
5/9/2019,78.2,77.96,78.33,77.71,101.82K,0.32%
5/8/2019,77.94,77.9,78.27,77.75,109.09K,0.08%
5/7/2019,77.88,77.63,78.24,77.52,106.26K,0.34%
5/6/2019,77.61,77.34,77.78,77.1,89.29K,-0.21%
5/3/2019,77.77,77.72,77.81,77.35,84.33K,0.11%
5/2/2019,77.69,78.08,78.3,77.62,86.96K,-0.47%
5/1/2019,78.05,78.46,78.61,77.98,86.74K,-0.50%
4/30/2019,78.44,79.06,79.21,78.25,84.99K,-0.74%
4/29/2019,79.03,78.89,79.11,78.75,62.95K,0.23%
4/26/2019,78.85,78.86,79.12,78.65,103.33K,0.03%
4/25/2019,78.83,78.43,78.89,78.29,90.95K,0.52%
4/24/2019,78.42,79.12,79.14,78.3,103.27K,-0.86%
4/23/2019,79.1,79.54,79.6,78.87,84.77K,-0.52%
4/22/2019,79.51,79.34,79.8,79.21,88.25K,0.18%
4/19/2019,79.37,79.37,79.47,79.26,105.72K,0.03%
4/18/2019,79.34,79.95,80.19,79.18,98.03K,-0.74%
4/17/2019,79.93,79.91,80.26,79.66,99.44K,0.04%
4/16/2019,79.9,79.69,79.97,79.29,96.14K,0.29%
4/15/2019,79.67,79.37,79.79,79.21,86.32K,0.42%
4/12/2019,79.34,78.56,79.6,78.46,94.21K,1.01%
4/11/2019,78.55,79.3,79.33,78.46,91.93K,-0.93%
4/10/2019,79.29,78.97,79.43,78.73,96.57K,0.42%
4/9/2019,78.95,79.45,79.64,78.93,87.35K,-0.60%
4/8/2019,79.43,78.65,79.52,78.52,73.83K,0.95%
4/5/2019,78.69,78.7,79.03,78.54,98.04K,0.00%
4/4/2019,78.69,77.87,78.82,77.84,99.92K,1.07%
4/3/2019,77.86,77.78,78.43,77.58,109.54K,0.12%
4/2/2019,77.76,78.69,79.03,77.57,111.40K,-1.16%
4/1/2019,78.68,78.74,78.93,78.58,98.70K,0.24%
3/29/2019,78.49,78.49,78.68,78.28,113.62K,0.00%
3/28/2019,78.49,78.08,78.7,77.94,117.60K,0.55%
3/27/2019,78.06,78.61,78.71,77.88,107.36K,-0.69%
3/26/2019,78.6,78.45,78.77,78.32,89.03K,0.22%
3/25/2019,78.43,78.1,78.51,77.94,82.14K,0.38%
3/22/2019,78.13,78.31,78.5,77.91,118.13K,-0.19%
3/21/2019,78.28,78.36,78.94,78.06,113.23K,-0.08%
3/20/2019,78.34,78.2,78.75,77.85,106.39K,0.18%
3/19/2019,78.21,77.89,78.45,77.68,100.21K,0.43%
3/18/2019,77.87,78.28,78.66,77.7,78.09K,-0.60%
3/15/2019,78.34,78.39,78.72,78.15,98.96K,-0.05%
3/14/2019,78.38,78.93,78.98,78.12,104.89K,-0.68%
3/13/2019,78.92,78.99,79.01,78.44,103.80K,-0.05%
3/12/2019,78.96,79.05,79.18,78.63,94.39K,-0.12%
3/11/2019,79.05,79.06,79.15,78.67,84.39K,-0.02%
3/8/2019,79.07,78.57,79.17,78.28,104.42K,0.67%
3/7/2019,78.54,79.08,79.26,78.44,102.22K,-0.68%
3/6/2019,79.07,79.89,80,78.94,107.86K,-1.00%
3/5/2019,79.87,80.46,80.53,79.6,,-0.73%
3/4/2019,80.46,80.35,80.79,80.26,,0.17%
3/1/2019,80.32,80.28,80.81,80.16,,0.07%
2/28/2019,80.27,81.36,81.68,80.22,,-1.33%
2/27/2019,81.35,81.71,82.15,81.21,,-0.44%
2/26/2019,81.7,81.4,81.82,81.17,,0.42%
2/25/2019,81.37,81.17,81.61,81.05,,0.30%
2/22/2019,81.12,80.88,81.41,80.71,,0.36%
2/21/2019,80.83,81.52,82.02,80.61,,-0.83%
2/20/2019,81.5,81.8,81.93,81.24,,-0.32%
2/19/2019,81.76,81.4,81.9,81.07,,0.46%
2/18/2019,81.38,81.36,81.84,81.22,,-0.03%
2/15/2019,81.41,80.92,81.48,80.6,,0.66%
2/14/2019,80.87,80.3,81.11,80.24,,0.73%
2/13/2019,80.29,80.23,80.67,80.22,,0.06%
2/12/2019,80.24,80.42,80.72,80.07,,-0.17%
2/11/2019,80.37,80.86,81.12,80.35,,-0.59%
2/8/2019,80.85,81.2,81.25,80.46,,-0.38%
2/7/2019,81.16,81.35,81.61,81,,-0.20%
2/6/2019,81.32,82.83,82.98,81.32,,-1.83%
2/5/2019,82.83,83.02,83.45,82.63,,-0.19%
2/4/2019,82.99,82.6,83.1,82.39,,0.46%
2/1/2019,82.61,82.72,83.05,82.19,,-0.14%
1/31/2019,82.73,82.46,82.98,82.38,,0.34%
1/30/2019,82.45,81.41,82.78,81.34,,1.31%
1/29/2019,81.39,81.52,81.65,81.2,,-0.15%
1/28/2019,81.51,81.85,82.03,81.45,,-0.31%
1/25/2019,81.77,80.71,81.85,80.46,,1.36%
1/24/2019,80.67,81.53,81.81,80.51,,-1.03%
1/23/2019,81.51,81.43,81.66,81.21,,0.13%
1/22/2019,81.4,81.65,81.68,81.31,,-0.28%
1/21/2019,81.63,81.61,82.02,81.41,,0.00%
1/18/2019,81.63,81.77,82.18,81.55,,-0.14%
1/17/2019,81.74,81.71,82.11,81.29,,0.08%
1/16/2019,81.68,81.85,82.15,81.62,,-0.21%
1/15/2019,81.85,81.67,82.19,81.59,,0.23%
1/14/2019,81.66,81.26,81.84,80.96,,0.39%
1/11/2019,81.34,80.95,81.66,80.91,,0.48%
1/10/2019,80.95,80.85,81.21,80.56,,0.14%
1/9/2019,80.83,80.21,81.12,80.13,,0.81%
1/8/2019,80.19,79.7,80.29,79.47,,0.63%
1/7/2019,79.68,79.39,79.88,79.06,,0.45%
1/4/2019,79.32,78.68,79.49,78.35,,0.85%
1/3/2019,78.65,78.43,78.85,76.09,,0.31%
1/2/2019,78.41,78.38,78.81,77.79,,0.06%
1/1/2019,78.36,78.68,78.88,78.37,,-0.41%
12/31/2018,78.69,78.91,79.1,78.5,,-0.13%
12/28/2018,78.79,79.2,79.41,78.67,,-0.47%
12/27/2018,79.16,79.24,79.45,78.97,,-0.05%
12/26/2018,79.21,79,79.3,78.59,,0.30%
12/25/2018,78.97,79.16,79.35,78.92,,-0.28%
12/24/2018,79.19,78.98,79.44,78.93,,0.36%
12/21/2018,78.91,79.31,79.98,78.91,,-0.47%
12/20/2018,79.28,80.08,81.02,79.14,,-0.97%
12/19/2018,80.05,80.92,81.17,79.83,,-1.07%
12/18/2018,80.92,82.21,82.44,80.75,,-1.55%
12/17/2018,82.19,82.62,82.64,82.09,,-0.43%
12/14/2018,82.55,82.91,82.93,82.26,,-0.40%
12/13/2018,82.88,83.19,83.34,82.72,,-0.36%
12/12/2018,83.18,82.86,83.44,82.75,,0.42%
12/11/2018,82.83,82.08,83.57,82,,0.94%
12/10/2018,82.06,81.48,82.54,81.21,,0.62%
12/7/2018,81.55,82.11,82.13,81.41,,-0.64%
12/6/2018,82.07,81.97,82.24,81.37,,0.16%
12/5/2018,81.94,82.78,82.97,81.84,,-0.99%
12/4/2018,82.76,82.95,83.59,82.62,,-0.18%
12/3/2018,82.91,82.04,83.26,81.81,,1.79%
11/30/2018,81.45,81.79,81.88,81.1,,-0.40%
11/29/2018,81.77,82.55,82.62,81.55,,-0.90%
11/28/2018,82.52,81.81,82.82,81.59,,0.90%
11/27/2018,81.78,81.89,82.49,81.5,,-0.11%
11/26/2018,81.87,81.78,82.41,81.5,,0.09%
11/23/2018,81.79,82.03,82.08,81.62,,-0.28%
11/22/2018,82.02,83.03,83.11,81.8,,-1.19%
11/21/2018,83.01,82.47,83.22,82.33,,0.67%
11/20/2018,82.46,83.62,83.7,82.45,,-1.36%
11/19/2018,83.59,84.3,84.4,83.4,,-0.95%
11/16/2018,84.39,83.81,84.46,83.23,,0.71%
11/15/2018,83.8,83.66,84.27,83.49,,0.13%
11/14/2018,83.69,83.93,84.16,83.07,,-0.26%
11/13/2018,83.9,83.66,84.01,83.54,,0.33%
11/12/2018,83.63,83.79,84.31,83.62,,-0.19%
11/9/2018,83.78,84.77,84.93,83.72,,-1.13%
11/8/2018,84.74,84.99,85.3,84.63,,-0.25%
11/7/2018,84.95,84.66,85.28,84.24,,0.39%
11/6/2018,84.63,84.37,84.66,84.08,,0.34%
11/5/2018,84.34,83.45,84.46,83.23,,1.11%
11/2/2018,83.41,84.69,84.8,83.23,,-1.49%
11/1/2018,84.67,83.69,84.78,83.67,,1.18%
10/31/2018,83.69,83.77,84.11,83.37,,-0.08%
10/30/2018,83.75,82.92,83.98,82.88,,1.08%
10/29/2018,82.86,83.3,83.52,82.84,,-0.62%
10/26/2018,83.38,83.02,83.51,82.36,,0.46%
10/25/2018,82.99,82.63,83.25,82.58,,0.47%
10/24/2018,82.61,83.4,83.65,82.61,,-0.94%
10/23/2018,83.39,83.34,83.59,83.04,,0.09%
10/22/2018,83.31,83.43,83.69,83.15,,-0.25%
10/19/2018,83.52,83.6,83.9,83.46,,-0.08%
10/18/2018,83.59,83.72,84.23,83.56,,-0.13%
10/17/2018,83.7,83.94,84.26,83.67,,-0.27%
10/16/2018,83.92,84.22,84.43,83.77,,-0.36%
10/15/2018,84.23,83.72,84.63,83.55,,0.55%
10/12/2018,83.77,84.48,84.58,83.58,,-0.83%
10/11/2018,84.47,83.75,84.57,83.65,,0.78%
10/10/2018,83.82,84.55,84.84,83.62,,-0.84%
10/9/2018,84.53,83.89,84.59,83.72,,0.81%
10/8/2018,83.85,83.25,83.93,83.13,,0.76%
10/5/2018,83.22,83.27,83.91,82.96,,-0.06%
10/4/2018,83.26,83.36,83.72,83.16,,-0.09%
10/3/2018,83.33,83.86,84.31,83.33,,-0.59%
10/2/2018,83.83,84.26,84.45,83.55,,-0.50%
10/1/2018,84.25,83.87,84.35,83.61,,0.51%
9/28/2018,83.82,83.72,83.99,83.56,,0.16%
9/27/2018,83.69,84.31,84.47,83.67,,-0.73%
9/26/2018,84.3,84.33,84.99,84.1,,-0.02%
9/25/2018,84.32,84.29,84.56,84.09,,0.05%
9/24/2018,84.28,84.01,84.6,83.72,,0.10%
9/21/2018,84.2,84.44,84.52,83.75,,-0.24%
9/20/2018,84.4,84.09,84.46,83.99,,0.36%
9/19/2018,84.1,84.28,84.73,83.81,,-0.21%
9/18/2018,84.28,83.32,84.36,82.88,,1.17%
9/17/2018,83.3,82.23,83.51,82.09,,1.35%
9/14/2018,82.19,83.08,83.15,82.19,,-1.06%
9/13/2018,83.07,82.79,83.52,82.76,,0.33%
9/12/2018,82.79,82.87,82.97,81.92,,-0.05%
9/11/2018,82.83,82.48,82.9,82.21,,0.44%
9/10/2018,82.47,81.67,82.69,81.45,,1.12%
9/7/2018,81.56,82.97,83.01,81.46,,-1.62%
9/6/2018,82.89,82.58,83.08,82.32,,0.43%
9/5/2018,82.54,82.2,82.69,82.14,,0.42%
9/4/2018,82.2,82.19,82.44,81.67,,0.04%
9/3/2018,82.16,81.75,82.32,81.36,,0.55%
8/31/2018,81.71,82.22,82.47,81.5,,-0.61%
8/30/2018,82.21,82.57,82.71,82.04,,-0.39%
8/29/2018,82.54,82.3,82.68,82.17,,0.30%
8/28/2018,82.29,82.53,82.63,82.13,,-0.27%
8/27/2018,82.51,81.87,82.6,81.75,,0.67%
8/24/2018,81.96,81.29,82.17,81.19,,0.81%
8/23/2018,81.31,82.1,82.15,81.22,,-0.91%
8/22/2018,82.05,82.34,82.35,81.91,,-0.30%
8/21/2018,82.3,82,82.47,81.83,,0.39%
8/20/2018,81.98,82.07,82.16,81.4,,-0.10%
8/17/2018,82.07,81.51,82.18,81.41,,0.73%
8/16/2018,81.47,80.96,81.91,80.76,,0.67%
8/15/2018,80.93,81.04,81.07,80.54,,-0.10%
8/14/2018,81.01,81.35,81.51,80.78,,-0.38%
8/13/2018,81.32,80.29,81.6,79.83,,1.19%
8/10/2018,80.37,81.02,81.23,80.23,,-0.77%
8/9/2018,80.99,81.63,81.85,81,,-0.73%
8/8/2018,81.58,81.54,81.71,81.05,,0.06%
8/7/2018,81.54,81.41,81.79,81.34,,0.17%
8/6/2018,81.4,81.3,81.51,81.07,,0.22%
8/3/2018,81.22,80.91,81.37,80.86,,0.42%
8/2/2018,80.88,81.07,81.19,80.69,,-0.22%
8/1/2018,81.06,81.45,81.49,80.91,,-0.46%
7/31/2018,81.43,81.39,81.63,81.21,,0.11%
7/30/2018,81.35,81.17,81.47,81.13,,0.08%
7/27/2018,81.28,81.04,81.46,80.97,,0.31%
7/26/2018,81.03,82.05,82.15,80.98,,-1.20%
7/25/2018,82.02,81.9,82.18,81.39,,0.21%
7/24/2018,81.85,81.34,82.02,81.14,,0.68%
7/23/2018,81.29,81.61,81.95,81.2,,-0.54%
7/20/2018,81.73,81.27,81.87,80.84,,0.55%
7/19/2018,81.28,81.23,81.73,80.89,,0.09%
7/18/2018,81.21,80.94,81.35,80.54,,0.37%
7/17/2018,80.91,81.41,81.48,80.78,,-0.58%
7/16/2018,81.38,81.21,81.75,81.19,,0.00%
7/13/2018,81.38,81.28,81.45,80.77,,0.16%
7/12/2018,81.25,81.07,81.42,80.84,,0.26%
7/11/2018,81.04,82.16,82.18,81.02,,-1.33%
7/10/2018,82.13,82.11,82.41,81.81,,0.06%
7/9/2018,82.08,81.89,82.3,81.83,,0.23%
7/6/2018,81.89,81.49,82.05,81.35,,0.51%
7/5/2018,81.47,81.2,81.74,81,,0.38%
7/4/2018,81.17,81.02,81.48,80.94,,0.17%
7/3/2018,81.03,80.8,81.3,80.51,,0.31%
7/2/2018,80.78,81.02,81.25,80.47,,-0.37%
6/29/2018,81.08,80.92,81.3,80.73,,0.20%
6/28/2018,80.92,80.59,81.32,80.5,,0.43%
6/27/2018,80.57,80.74,81.33,80.37,,-0.18%
6/26/2018,80.72,80.8,80.95,80.57,,-0.10%
6/25/2018,80.79,80.8,81.07,80.49,,0.06%
6/22/2018,80.74,80.25,80.81,80.16,,0.60%
6/21/2018,80.26,80.25,80.44,80.06,,0.03%
6/20/2018,80.23,80.76,81.03,80.22,,-0.65%
6/19/2018,80.76,80.76,80.82,80.27,,0.04%
6/18/2018,80.73,81.15,81.21,80.64,,-0.29%
6/15/2018,80.96,80.92,81.37,80.63,,0.07%
6/14/2018,80.9,82.03,82.09,80.87,,-1.33%
6/13/2018,82,81.75,82.37,81.49,,0.31%
6/12/2018,81.74,82.11,82.31,81.68,,-0.41%
6/11/2018,82.08,82.17,82.25,81.73,,0.01%
6/8/2018,82.07,81.88,82.23,81.68,,0.23%
6/7/2018,81.88,82.09,82.29,81.75,,-0.23%
6/6/2018,82.07,81.83,82.36,81.78,,0.32%
6/5/2018,81.81,82.17,82.22,81.58,,-0.32%
6/4/2018,82.07,81.15,82.34,81.06,,1.10%
6/1/2018,81.18,81.63,81.69,80.62,,-0.53%
5/31/2018,81.61,81.76,81.99,81.43,,-0.13%
5/30/2018,81.72,81.49,81.83,81.03,,0.30%
5/29/2018,81.48,81.42,82.02,81.08,,0.11%
5/28/2018,81.39,81.87,82.13,81.35,,-0.56%
5/25/2018,81.85,82.85,82.92,81.78,,-1.17%
5/24/2018,82.82,82.78,82.94,82.56,,0.09%
5/23/2018,82.75,82.48,82.85,82.03,,0.35%
5/22/2018,82.46,82.65,82.8,82.35,,-0.20%
5/21/2018,82.63,81.88,82.71,81.72,,1.10%
5/18/2018,81.73,81.37,81.85,81.27,,0.47%
5/17/2018,81.35,81.53,81.88,81.21,,-0.19%
5/16/2018,81.5,81.39,81.61,81.01,,0.17%
5/15/2018,81.37,81.32,81.77,81.06,,0.10%
5/14/2018,81.29,81.26,81.7,81.19,,0.05%
5/11/2018,81.24,81.13,81.53,80.86,,0.16%
5/10/2018,81.11,80.34,81.21,80.18,,1.00%
5/9/2018,80.31,79.97,80.44,79.68,,0.37%
5/8/2018,80.01,80.74,80.88,79.77,,-0.93%
5/7/2018,80.76,80.52,80.9,80.43,,0.12%
5/4/2018,80.66,80.32,80.73,80.14,,0.47%
5/3/2018,80.28,79.94,80.42,79.82,,0.49%
5/2/2018,79.89,79.89,80.4,79.73,,0.02%
5/1/2018,79.88,80.33,80.51,79.7,,-0.56%
4/30/2018,80.33,80.79,80.91,80.25,,-0.66%
4/27/2018,80.86,80.71,80.9,80.39,,0.25%
4/26/2018,80.66,80.97,81.15,80.6,,-0.37%
4/25/2018,80.95,80.76,81.14,80.51,,0.26%
4/24/2018,80.74,80.89,81,80.6,,-0.16%
4/23/2018,80.88,81.13,81.4,80.83,,-0.35%
4/20/2018,81.16,81.38,81.59,80.98,,-0.22%
4/19/2018,81.34,81.8,82.25,81.24,,-0.50%
4/18/2018,81.76,81.59,81.93,81.34,,0.26%
4/17/2018,81.55,81.53,81.84,81.25,,0.06%
4/16/2018,81.5,81.05,81.57,80.97,,0.60%
4/13/2018,81.01,80.98,81.53,80.93,,0.07%
4/12/2018,80.96,81.04,81.23,80.84,,-0.09%
4/11/2018,81.03,80.72,81.25,80.55,,0.44%
4/10/2018,80.68,80.09,80.79,80.03,,0.76%
4/9/2018,80.07,79.79,80.24,79.6,,0.37%
4/6/2018,79.77,79.85,80.05,79.59,,-0.12%
4/5/2018,79.87,80.44,80.55,79.76,,-0.69%
4/4/2018,80.42,79.93,80.5,79.78,,0.63%
4/3/2018,79.92,79.93,80.2,79.75,,0.03%
4/2/2018,79.89,80.18,80.29,79.76,,-0.21%
3/30/2018,80.06,80.06,80.37,80,,0.04%
3/29/2018,80.03,79.89,80.2,79.69,,0.21%
3/28/2018,79.86,79.85,80.19,79.66,,0.06%
3/27/2018,79.81,80.41,80.53,79.78,,-0.72%
3/26/2018,80.39,80.2,80.45,80.02,,0.43%
3/23/2018,80.05,80.14,80.56,80.04,,-0.07%
3/22/2018,80.1,81.02,81.22,80.07,,-1.10%
3/21/2018,80.99,80.15,81.18,80.04,,1.08%
3/20/2018,80.12,80.48,80.57,80.08,,-0.42%
3/19/2018,80.47,80.22,80.57,79.97,,0.42%
3/16/2018,80.13,81.03,81.07,80.09,,-1.09%
3/15/2018,81.01,81.71,81.94,80.97,,-0.83%
3/14/2018,81.69,81.61,82.12,81.51,,0.15%
3/13/2018,81.57,81.93,82.07,81.45,,-0.42%
3/12/2018,81.92,81.88,82.08,81.67,,0.10%
3/9/2018,81.83,81.21,81.9,81,,0.81%
3/8/2018,81.18,81.23,81.46,81,,-0.05%
3/7/2018,81.22,81.38,81.38,80.76,,-0.15%
3/6/2018,81.35,80.89,81.52,80.69,,0.58%
3/5/2018,80.88,81,81.13,80.48,,-0.07%
3/2/2018,80.93,80.89,81.08,80.68,,0.10%
3/1/2018,80.85,80.95,81.03,80.45,,-0.11%
2/28/2018,80.94,80.86,81.6,80.76,,0.13%
2/27/2018,80.83,81.42,81.58,80.78,,-0.70%
2/26/2018,81.4,81.22,81.76,81.08,,0.23%
2/23/2018,81.22,81.65,81.68,80.82,,-0.51%
2/22/2018,81.64,80.86,81.81,80.71,,0.97%
2/21/2018,80.85,81.73,81.93,80.84,,-1.04%
2/20/2018,81.69,81.3,82.07,81.06,,0.51%
2/19/2018,81.28,81.3,81.54,81.14,,0.01%
2/16/2018,81.27,81.26,81.94,81.09,,0.05%
2/15/2018,81.23,81.27,81.5,80.7,,-0.02%
2/14/2018,81.24,80.88,81.38,79.71,,0.47%
2/13/2018,80.86,80.88,81.06,80.53,,-0.03%
2/12/2018,80.88,80.47,80.93,80.35,,0.48%
2/9/2018,80.49,80,80.7,79.76,,0.65%
2/8/2018,79.98,80.45,80.58,79.93,,-0.57%
2/7/2018,80.43,81.27,81.31,80.38,,-1.00%
2/6/2018,81.25,80.75,81.32,80.51,,0.63%
2/5/2018,80.74,81.25,81.54,80.71,,-0.53%
2/2/2018,81.17,82.35,82.4,81.16,,-1.40%
2/1/2018,82.33,81.96,82.42,81.58,,0.48%
1/31/2018,81.93,82.28,82.58,81.73,,-0.38%
1/30/2018,82.24,82.35,82.58,82.03,,-0.08%
1/29/2018,82.31,82.56,82.6,82.1,,-0.16%
1/26/2018,82.44,81.65,82.73,81.38,,1.07%
1/25/2018,81.57,82.15,82.53,81.45,,-0.70%
1/24/2018,82.14,81.62,82.38,81.46,,0.65%
1/23/2018,81.61,81.93,82.06,81.21,,-0.37%
1/22/2018,81.92,81.66,82.04,81.5,,0.37%
1/19/2018,81.62,81.76,81.96,81.56,,-0.11%
1/18/2018,81.71,81.46,81.82,81.17,,0.33%
1/17/2018,81.44,81.56,82.02,81.17,,-0.13%
1/16/2018,81.55,80.91,81.64,80.74,,0.82%
1/15/2018,80.89,80.49,81.06,80.39,,0.42%
1/12/2018,80.55,80.37,80.61,79.89,,0.24%
1/11/2018,80.36,79.8,80.44,79.74,,0.72%
1/10/2018,79.78,79.75,80.06,79.58,,0.06%
1/9/2018,79.74,79.69,79.93,79.53,,0.10%
1/8/2018,79.66,79.6,79.83,79.35,,-0.05%
1/5/2018,79.71,79.76,79.85,79.42,,-0.07%
1/4/2018,79.76,79.66,79.82,79.37,,0.16%
1/3/2018,79.63,79.53,79.75,79.27,,0.15%
1/2/2018,79.51,79.53,79.95,79.38,,0.02%
1/1/2018,79.5,79.74,79.76,79.44,,-0.28%
12/29/2017,79.72,79.92,80.03,79.58,,-0.26%
12/28/2017,79.92,79.73,80.16,79.69,,0.26%
12/27/2017,79.72,79.23,79.86,79.18,,0.63%
12/26/2017,79.22,79.05,79.26,79.04,,0.21%
12/25/2017,79.06,79.08,79.24,78.99,,0.00%
12/22/2017,79.06,78.94,79.14,78.91,,0.19%
12/21/2017,78.91,78.65,79,78.47,,0.35%
12/20/2017,78.64,78.51,78.79,78.37,,0.20%
12/19/2017,78.48,78.77,78.84,78.32,,-0.33%
12/18/2017,78.74,78.34,79.36,78.28,,0.54%
12/15/2017,78.32,78.92,79,78.25,,-0.74%
12/14/2017,78.9,78.74,79.14,78.63,,0.23%
12/13/2017,78.72,77.89,78.77,77.81,,1.09%
12/12/2017,77.87,77.51,78.13,77.42,,0.48%
12/11/2017,77.49,77.46,77.71,77.36,,0.15%
12/8/2017,77.37,77.6,77.7,77.34,,-0.29%
12/7/2017,77.6,78.09,78.16,77.53,,-0.61%
12/6/2017,78.07,78.36,78.47,78,,-0.33%
12/5/2017,78.33,78.26,78.89,78.23,,0.10%
12/4/2017,78.25,78.51,78.59,78.09,,-0.29%
12/1/2017,78.48,78.06,78.81,77.88,,0.57%
11/30/2017,78.04,77.91,78.36,77.76,,0.18%
11/29/2017,77.9,78.28,78.42,77.71,,-0.47%
11/28/2017,78.26,78.47,78.64,78.22,,-0.23%
11/27/2017,78.44,78.89,78.99,78.44,,-0.45%
11/24/2017,78.8,78.79,79,78.69,,0.05%
11/23/2017,78.76,79.1,79.16,78.74,,-0.43%
11/22/2017,79.1,78.68,79.19,78.32,,0.54%
11/21/2017,78.67,78.65,78.82,78.27,,0.05%
11/20/2017,78.64,78.67,78.83,78.5,,-0.07%
11/17/2017,78.69,79.3,79.53,78.38,,-0.76%
11/16/2017,79.29,79.18,79.49,78.99,,0.15%
11/15/2017,79.17,79.87,79.9,79.01,,-0.84%
11/14/2017,79.85,79.79,80.08,79.65,,0.12%
11/13/2017,79.75,79.83,80.25,79.65,,-0.16%
11/10/2017,79.87,79.79,80.1,79.63,,0.11%
11/9/2017,79.78,79.79,79.95,79.47,,0.03%
11/8/2017,79.76,79.53,79.88,79.48,,0.29%
11/7/2017,79.53,79.59,79.74,79.35,,-0.06%
11/6/2017,79.58,79.04,79.61,78.88,,0.73%
11/3/2017,79,79.74,79.79,78.89,,-0.90%
11/2/2017,79.72,79.32,79.92,79.29,,0.51%
11/1/2017,79.31,79.33,79.55,79.08,,0.02%
10/31/2017,79.3,79.78,79.9,79.13,,-0.58%
10/30/2017,79.76,79.83,79.97,79.43,,-0.15%
10/27/2017,79.88,79.45,79.94,79.08,,0.56%
10/26/2017,79.44,79.99,80.14,79.39,,-0.66%
10/25/2017,79.97,80.94,81.04,79.83,,-1.18%
10/24/2017,80.93,81.22,81.41,80.84,,-0.33%
10/23/2017,81.2,81.31,81.51,81.1,,-0.20%
10/20/2017,81.35,81.96,82.04,81.24,,-0.77%
10/19/2017,81.99,81.65,82.06,81.59,,0.45%
10/18/2017,81.62,81.63,81.77,81.4,,0.04%
10/17/2017,81.59,81.33,81.68,81.15,,0.34%
10/16/2017,81.31,81.83,81.98,81.23,,-0.77%
10/13/2017,81.94,81.45,82.06,81.28,,0.64%
10/12/2017,81.42,81.17,81.63,81.14,,0.32%
10/11/2017,81.16,81.25,81.58,80.98,,-0.07%
10/10/2017,81.21,81.06,81.47,81.03,,0.19%
10/9/2017,81.05,81.07,81.42,81.01,,-0.26%
10/6/2017,81.26,81.25,81.41,80.75,,0.04%
10/5/2017,81.23,81.82,81.83,81.15,,-0.67%
10/4/2017,81.78,82.11,82.55,81.52,,-0.38%
10/3/2017,82.09,81.76,82.16,81.56,,0.43%
10/2/2017,81.74,81.89,81.99,81.42,,-0.09%
9/29/2017,81.82,82.34,82.39,81.65,,-0.63%
9/28/2017,82.33,82.53,82.62,81.87,,-0.21%
9/27/2017,82.5,82.58,82.89,82.35,,-0.09%
9/26/2017,82.57,82.67,83.09,82.29,,-0.08%
9/25/2017,82.64,82.55,83.02,82.29,,0.13%
9/22/2017,82.53,82.26,82.81,82,,0.34%
9/21/2017,82.26,82.58,82.65,82.06,,-0.38%
9/20/2017,82.57,82.48,83.32,82.11,,0.18%
9/19/2017,82.43,81.69,82.56,81.64,,0.92%
9/18/2017,81.68,82.02,82.41,81.46,,-0.43%
9/15/2017,82.03,82.12,82.39,81.89,,-0.11%
9/14/2017,82.12,81.77,82.21,81.61,,0.45%
9/13/2017,81.75,82.17,82.39,81.61,,-0.44%
9/12/2017,82.11,82.13,82.42,81.81,,-0.01%
9/11/2017,82.12,82.34,82.42,81.98,,-0.14%
9/8/2017,82.23,82.47,83.02,82.16,,-0.26%
9/7/2017,82.45,82.06,82.5,81.69,,0.51%
9/6/2017,82.03,82,82.26,81.66,,0.10%
9/5/2017,81.95,81.42,82.34,81.39,,0.69%
9/4/2017,81.39,81.27,81.76,81.26,,-0.14%
9/1/2017,81.5,81.38,81.9,81.1,,0.36%
8/31/2017,81.21,80.94,81.43,80.47,,0.54%
8/30/2017,80.77,81.45,81.94,80.75,,-0.65%
8/29/2017,81.3,81.42,81.85,80.82,,-0.13%
8/28/2017,81.4,81.26,81.56,80.98,,0.36%
8/25/2017,81.11,81.01,81.5,80.77,,0.37%
8/24/2017,80.82,81.06,81.19,80.63,,-0.22%
8/23/2017,81,81.13,81.21,80.83,,-0.06%
8/22/2017,81.05,81.42,81.57,81,,-0.35%
8/21/2017,81.33,81.23,81.6,81.05,,0.10%
8/18/2017,81.25,80.9,81.54,80.73,,0.55%
8/17/2017,80.81,81.31,81.72,80.83,,-0.48%
8/16/2017,81.2,80.21,81.46,80.14,,1.33%
8/15/2017,80.13,80.52,80.79,80.06,,-0.40%
8/14/2017,80.45,80.95,81.28,80.46,,-0.69%
8/11/2017,81.01,80.68,81.19,80.3,,0.47%
8/10/2017,80.63,80.55,81.05,80.34,,0.24%
8/9/2017,80.44,80.64,80.75,80.03,,-0.03%
8/8/2017,80.46,80.74,81.05,80.4,,-0.26%
8/7/2017,80.67,80.66,81,80.54,,0.03%
8/4/2017,80.65,80.97,81.32,80.27,,-0.33%
8/3/2017,80.91,81.6,81.62,80.6,,-0.68%
8/2/2017,81.46,81.64,81.74,81.02,,-0.15%
8/1/2017,81.58,82.19,82.61,81.56,,-0.72%
7/31/2017,82.17,82.03,82.23,81.65,,0.29%
7/28/2017,81.94,81.7,82.22,81.46,,0.39%
7/27/2017,81.62,82.42,82.9,81.6,,-0.91%
7/26/2017,82.37,81.71,82.54,81.2,,0.89%
7/25/2017,81.64,81.49,82.13,81.3,,0.25%
7/24/2017,81.44,81.47,82.11,81.28,,0.04%
7/21/2017,81.4,82.02,82.04,81.09,,-0.69%
7/20/2017,81.97,81.79,82.2,81.43,,0.31%
7/19/2017,81.72,81.46,81.89,81.37,,0.43%
7/18/2017,81.37,80.32,81.76,80.15,,1.40%
7/17/2017,80.24,80.63,80.84,80.21,,-0.53%
7/14/2017,80.67,79.72,80.81,79.66,,1.27%
7/13/2017,79.66,79.58,79.88,79.23,,0.28%
7/12/2017,79.44,78.86,79.74,78.81,,0.80%
7/11/2017,78.8,78.5,79.01,78.42,,0.50%
7/10/2017,78.41,78.71,78.83,78.33,,-0.19%
7/7/2017,78.56,78.59,79.09,78.41,,0.07%
7/6/2017,78.5,78.82,79.13,78.48,,-0.20%
7/5/2017,78.66,78.98,79.24,78.58,,-0.38%
7/4/2017,78.96,79.65,79.85,78.63,,-0.84%
7/3/2017,79.63,79.55,79.92,79.24,,0.30%
6/30/2017,79.4,79.53,80.05,79.28,,0.16%
6/29/2017,79.27,79.11,79.77,78.88,,0.44%
6/28/2017,78.92,78.61,79.36,78.3,,0.57%
6/27/2017,78.47,78.62,78.97,78.24,,0.00%
6/26/2017,78.47,78.51,78.88,78.41,,0.03%
6/23/2017,78.45,78.09,78.68,77.9,,0.61%
6/22/2017,77.97,78.49,78.73,77.84,,-0.59%
6/21/2017,78.44,78.53,78.66,78.01,,-0.01%
6/20/2017,78.44,78.51,78.91,78.19,,0.38%
6/19/2017,78.14,78.73,79.22,78.14,,-0.39%
6/16/2017,78.44,78.39,79.22,78.25,,0.33%
6/15/2017,78.18,78.43,78.99,78.17,,-0.12%
6/14/2017,78.28,77.87,79.1,77.54,,0.96%
6/13/2017,77.54,78.09,78.44,77.54,,-0.54%
6/12/2017,77.95,77.96,78.33,77.42,,0.37%
6/9/2017,77.67,77.93,78.18,77.35,,0.18%
6/8/2017,77.53,78.06,78.27,77.42,,-0.37%
6/7/2017,77.82,77.84,78.43,77.65,,0.01%
6/6/2017,77.81,77.45,78.01,76.83,,0.76%
6/5/2017,77.22,76.94,77.73,76.54,,0.56%
6/2/2017,76.79,76.51,77.28,76,,0.53%
6/1/2017,76.39,77,77.34,76.18,,-0.65%
5/31/2017,76.89,77.52,77.68,76.81,,-0.66%
5/30/2017,77.4,77.15,77.63,76.76,,0.39%
5/29/2017,77.1,77.06,77.29,76.69,,-0.08%
5/26/2017,77.16,77.27,77.43,76.65,,0.07%
5/25/2017,77.11,77.85,78.14,77.07,,-0.69%
5/24/2017,77.65,77.62,78.08,77.22,,0.28%
5/23/2017,77.43,77.57,78.22,77.4,,0.07%
5/22/2017,77.38,77.35,77.79,76.69,,0.23%
5/19/2017,77.2,77.08,77.59,76.79,,0.29%
5/18/2017,76.98,76.27,77.4,76,,0.98%
5/17/2017,76.23,76.11,76.36,75.78,,0.25%
5/16/2017,76.04,75.98,76.28,75.82,,0.10%
5/15/2017,75.97,76.5,76.67,75.76,,-0.63%
5/12/2017,76.45,76.48,76.92,75.82,,0.00%
5/11/2017,76.44,76.48,76.55,75.75,,0.03%
5/10/2017,76.42,75.98,76.78,75.9,,0.64%
5/9/2017,75.94,75.98,76.18,75.37,,0.01%
5/8/2017,75.93,76.3,76.4,75.89,,-0.53%
5/5/2017,76.33,76.07,76.48,75.75,,0.35%
5/4/2017,76.07,76.15,76.34,75.8,,-0.01%
5/3/2017,76.08,77.39,77.51,76.11,,-1.60%
5/2/2017,77.31,77.37,77.63,77.15,,-0.02%
5/1/2017,77.32,77.14,77.6,76.9,,0.21%
4/28/2017,77.16,76.59,77.49,76.5,,0.91%
4/27/2017,76.46,76.68,76.89,76.36,,-0.23%
4/26/2017,76.64,78.06,78.26,76.47,,-1.82%
4/25/2017,78.06,78.47,78.55,77.34,,-0.32%
4/24/2017,78.31,78.73,78.84,77.92,,0.01%
4/21/2017,78.3,78.09,78.38,77.68,,0.33%
4/20/2017,78.04,77.8,78.34,77.5,,0.48%
4/19/2017,77.68,78.22,78.55,77.4,,-0.44%
4/18/2017,78.02,78.52,78.75,77.78,,-0.44%
4/17/2017,78.36,78.35,78.74,78.04,,0.18%
4/14/2017,78.22,78.37,78.61,78.25,,-0.03%
4/13/2017,78.24,77.94,78.73,77.85,,0.63%
4/12/2017,77.76,77.31,78.2,77.25,,0.68%
4/11/2017,77.23,77.75,77.99,77.27,,-0.47%
4/10/2017,77.59,77.65,77.89,76.99,,0.17%
4/7/2017,77.46,78.24,78.4,77.26,,-0.81%
4/6/2017,78.09,78.75,78.8,77.99,,-0.78%
4/5/2017,78.7,78.75,78.94,78.59,,0.06%
4/4/2017,78.66,79.17,79.33,78.57,,-0.49%
4/3/2017,79.04,79.2,79.4,78.77,,-0.18%
3/31/2017,79.18,80.04,80.16,79.08,,-0.54%
3/30/2017,79.61,80.33,80.61,79.4,,-0.35%
3/29/2017,79.89,80.08,80.62,79.3,,0.16%
3/28/2017,79.76,79.99,80.36,79.54,,0.04%
3/27/2017,79.73,80.15,80.38,79.29,,-0.54%
3/24/2017,80.17,80.12,80.44,79.58,,0.29%
3/23/2017,79.93,80.73,80.83,79.85,,-0.80%
3/22/2017,80.58,80.83,80.95,79.99,,-0.29%
3/21/2017,80.81,81.3,81.47,80.45,,-0.42%
3/20/2017,81.15,81.03,81.47,80.54,,0.28%
3/17/2017,80.93,80.72,81.23,80.44,,0.40%
3/16/2017,80.61,81.14,81.27,80.16,,-0.58%
3/15/2017,81.08,80.17,81.31,79.25,,1.16%
3/14/2017,80.14,80.9,81.06,79.49,,-0.46%
3/13/2017,80.51,80.6,81.72,80.46,,0.36%
3/10/2017,80.23,80.31,81.22,79.96,,0.20%
3/9/2017,80.07,80.62,81.11,79.97,,-0.48%
3/8/2017,80.45,81.22,81.87,80.51,,-0.67%
3/7/2017,81,81.17,82.08,80.9,,0.01%
3/6/2017,80.99,81.24,81.84,80.85,,-0.33%
3/3/2017,81.26,81.14,81.71,80.62,,0.30%
3/2/2017,81.01,82.25,82.64,81.01,,-1.38%
3/1/2017,82.14,82.07,82.62,81.72,,0.17%
2/28/2017,82.01,82.25,82.8,81.81,,-0.27%
2/27/2017,82.23,82.23,82.86,81.85,,0.06%
2/24/2017,82.17,82.67,83.16,81.88,,-0.43%
2/23/2017,82.53,82.53,83.16,82.15,,0.14%
2/22/2017,82.41,82.32,83.06,82.13,,0.26%
2/21/2017,82.2,82.59,82.84,82.08,,-0.44%
2/20/2017,82.56,82.22,82.94,82.02,,0.52%
2/17/2017,82.14,82.69,83.08,82.11,,-0.63%
2/16/2017,82.66,82.73,83.2,82.35,,0.04%
2/15/2017,82.63,82.19,82.94,81.97,,0.72%
2/14/2017,82.04,81.98,82.85,81.76,,0.19%
2/13/2017,81.88,82.09,82.74,81.84,,-0.03%
2/10/2017,81.9,82,82.58,81.57,,0.15%
2/9/2017,81.78,82.3,82.37,81.43,,-0.47%
2/8/2017,82.17,82.19,82.48,81.84,,0.08%
2/7/2017,82.11,82.35,82.83,81.97,,-0.15%
2/6/2017,82.24,82.62,82.88,81.96,,-0.15%
2/3/2017,82.36,82.52,82.95,81.97,,0.31%
2/2/2017,82.11,81.86,83.08,81.8,,0.80%
2/1/2017,81.46,82.54,82.69,81.43,,-0.81%
1/31/2017,82.12,82.43,83.01,81.67,,0.13%
1/30/2017,82.01,82.27,82.7,81.66,,-0.10%
1/27/2017,82.1,82.39,82.66,81.68,,-0.31%
1/26/2017,82.35,82.87,83.04,82.07,,-0.10%
1/25/2017,82.44,82.97,83.19,81.77,,-0.12%
1/24/2017,82.54,82.97,83.34,82.15,,-0.02%
1/23/2017,82.55,82.65,83.22,82.1,,0.09%
1/20/2017,82.48,82.73,83.11,81.82,,0.21%
1/19/2017,82.31,82,82.86,81.78,,0.86%
1/18/2017,81.61,82.78,82.88,81.76,,-0.96%
1/17/2017,82.39,81.78,82.91,81.15,,1.00%
1/16/2017,81.57,82.01,82.22,81.13,,-0.37%
1/13/2017,81.87,81.79,82.27,81.39,,0.39%
1/12/2017,81.56,81.52,82.28,81.07,,0.52%
1/11/2017,81.13,80.62,81.92,80.2,,1.10%
1/10/2017,80.25,80.55,80.93,79.87,,0.11%
1/9/2017,80.16,79.54,80.8,79.38,,1.24%
1/6/2017,79.18,80.04,80.4,78.83,,-0.57%
1/5/2017,79.63,79.49,80.43,78.4,,0.68%
1/4/2017,79.1,79.02,79.8,78.62,,0.50%
1/3/2017,78.71,78.5,79.45,78.25,,0.41%
1/2/2017,78.38,78.97,79.01,77.86,,-0.09%
12/30/2016,78.45,78.91,79.32,77.93,,-0.05%
12/29/2016,78.49,78.55,79.17,78.21,,0.39%
12/28/2016,78.18,78.45,79.01,78.01,,0.07%
12/27/2016,78.13,77.95,78.8,77.66,,0.80%
12/26/2016,77.51,78.28,78.6,77.73,,-0.84%
12/23/2016,78.17,78.99,79.02,77.77,,-0.54%
12/22/2016,78.6,79.21,79.3,78.1,,-0.29%
12/21/2016,78.83,79.46,79.61,78.41,,-0.33%
12/20/2016,79.09,79.32,79.58,78.44,,0.19%
12/19/2016,78.93,79.87,79.97,78.61,,-0.94%
12/16/2016,79.69,80.54,80.62,79.15,,-0.56%
12/15/2016,80.13,81.06,81.38,79.73,,-0.64%
12/14/2016,80.64,82.08,82.19,80.44,,-1.28%
12/13/2016,81.69,82.09,82.17,80.42,,0.01%
12/12/2016,81.68,81.52,82.12,80.62,,0.62%
12/9/2016,81.18,81.65,81.78,80.29,,-0.11%
12/8/2016,81.27,81.89,82.03,80.32,,-0.27%
12/7/2016,81.48,81.36,81.96,80.36,,0.21%
12/6/2016,81.31,81.78,81.9,80.55,,-0.11%
12/5/2016,81.41,81.39,82.11,80.75,,-0.08%
12/2/2016,81.47,81.25,81.85,80.53,,0.32%
12/1/2016,81.21,81.42,81.59,80.5,,0.24%
11/30/2016,81.02,82.51,82.61,80.77,,-1.35%
11/29/2016,82.13,82.55,82.65,81.49,,-0.04%
11/28/2016,82.16,81.47,82.73,81.02,,1.09%
11/25/2016,81.27,81.37,81.99,81.07,,0.35%
11/24/2016,80.98,80.9,81.88,80.6,,0.63%
11/23/2016,80.48,81.01,81.97,80.61,,-0.18%
11/22/2016,80.62,80.5,81.21,80.09,,0.23%
11/21/2016,80.44,80.22,80.81,79.5,,0.74%
11/18/2016,79.85,80.52,81.37,79.7,,-0.33%
11/17/2016,80.11,81.16,81.51,80.17,,-0.82%
11/16/2016,80.77,82.02,82.17,80.7,,-1.02%
11/15/2016,81.6,81.32,82.56,81.15,,0.83%
11/14/2016,80.94,80.94,82,80.82,,-0.33%
11/11/2016,81.21,81.36,82.04,80.64,,0.33%
11/10/2016,80.94,81.49,82.92,80.8,,-0.15%
11/9/2016,81.06,83,83.28,80.82,,-1.86%
11/8/2016,82.6,82.77,83.38,81.8,,0.31%
11/7/2016,82.35,82.08,82.86,81.67,,0.83%
11/4/2016,81.67,82.15,82.5,81.61,,-0.13%
11/3/2016,81.77,82.01,82.45,81.46,,0.22%
11/2/2016,81.6,81.81,82.28,80.97,,0.26%
11/1/2016,81.39,81.47,82.3,80.99,,0.43%
10/31/2016,81.04,81.37,81.72,80.83,,0.09%
10/28/2016,80.96,81.32,81.65,80.69,,-0.39%
10/27/2016,81.28,82.09,82.14,81.11,,-0.50%
10/26/2016,81.69,81.97,82.63,81.62,,0.15%
10/25/2016,81.57,81.51,82.18,81.19,,0.57%
10/24/2016,81.11,81.49,81.96,81.16,,0.03%
10/21/2016,81.09,81.45,82.09,81.19,,-0.18%
10/20/2016,81.23,82.43,82.65,81.21,,-0.94%
10/19/2016,82,82.11,82.71,81.57,,0.40%
10/18/2016,81.68,81.49,82.31,81.43,,0.29%
10/17/2016,81.44,81.3,81.72,80.85,,0.68%
10/14/2016,80.89,81.06,81.85,80.67,,0.28%
10/13/2016,80.66,80.71,81.28,80.08,,0.42%
10/12/2016,80.32,80.36,81.06,80.17,,0.47%
10/11/2016,79.95,81.08,81.35,80.05,,-1.15%
10/10/2016,80.87,80.8,81.44,80.56,,0.40%
10/7/2016,80.55,81.16,81.5,80.46,,-0.23%
10/6/2016,80.74,81.26,81.42,80.54,,-0.47%
10/5/2016,81.12,81.51,81.71,80.73,,0.07%
10/4/2016,81.07,82.02,82.22,81.05,,-1.09%
10/3/2016,81.96,81.92,82.25,81.13,,0.58%
9/30/2016,81.49,81.9,82.25,80.8,,0.01%
9/29/2016,81.48,82.19,82.58,81.48,,-0.37%
9/28/2016,81.78,81.85,82.4,81.26,,0.45%
9/27/2016,81.41,81.56,82.13,81.18,,0.32%
9/26/2016,81.15,81.38,82.01,80.98,,0.13%
9/23/2016,81.04,82.21,82.25,80.96,,-0.89%
9/22/2016,81.77,82.03,82.37,81.39,,0.16%
9/21/2016,81.64,81.14,82.23,80.69,,1.09%
9/20/2016,80.76,80.99,81.41,80.46,,0.19%
9/19/2016,80.6,80.54,81.37,80.27,,0.55%
9/16/2016,80.16,80.79,80.93,80.04,,-0.30%
9/15/2016,80.4,80.19,81.02,79.56,,0.78%
9/14/2016,79.77,80.1,80.56,79.64,,0.09%
9/13/2016,79.7,81.11,81.14,79.76,,-1.23%
9/12/2016,80.7,80.38,81.2,80.03,,0.95%
9/9/2016,79.94,81.49,81.74,80.21,,-1.42%
9/8/2016,81.09,81.76,82.45,81.06,,-0.29%
9/7/2016,81.33,82.31,82.43,81.07,,-0.64%
9/6/2016,81.86,80.98,82.4,80.82,,1.15%
9/5/2016,80.93,80.92,81.48,80.74,,0.26%
9/2/2016,80.72,81.06,81.78,80.35,,0.06%
9/1/2016,80.67,80.81,81.34,80.41,,0.00%
8/31/2016,80.67,80.87,81.16,80.19,,0.25%
8/30/2016,80.47,81.62,81.81,80.5,,-0.94%
8/29/2016,81.23,81.21,81.81,80.69,,0.52%
8/26/2016,80.81,82.08,82.6,80.88,,-1.01%
8/25/2016,81.63,82.07,82.27,81.44,,-0.05%
8/24/2016,81.68,82.06,82.57,81.33,,0.09%
8/23/2016,81.6,82.16,82.56,81.7,,-0.11%
8/22/2016,81.69,81.75,82.41,81.2,,0.19%
8/19/2016,81.54,82.4,82.45,81.29,,-0.56%
8/18/2016,82,81.96,82.77,81.72,,0.55%
8/17/2016,81.55,82.41,82.7,81.34,,-0.57%
8/16/2016,82.02,82.41,82.99,81.84,,0.00%
8/15/2016,82.01,82.11,82.65,81.5,,0.19%
8/12/2016,81.86,82.62,82.85,81.74,,-0.39%
8/11/2016,82.18,82.6,83.27,82.09,,-0.04%
8/10/2016,82.22,82.27,83.29,81.65,,0.40%
8/9/2016,81.89,82.06,82.72,81.33,,0.27%
8/8/2016,81.66,81.87,82.45,81.02,,-0.13%
8/5/2016,81.77,81.87,82.42,81.37,,-0.04%
8/4/2016,81.8,81.48,82.15,81.12,,0.86%
8/3/2016,81.1,81.51,81.84,80.87,,-0.01%
8/2/2016,81.11,80.81,82.24,79.89,,0.90%
8/1/2016,80.39,82.04,82.2,80.55,,-1.54%
7/29/2016,81.65,80.75,82.23,80.2,,1.64%
7/28/2016,80.32,80.6,81.19,79.98,,-0.32%
7/27/2016,80.58,81.07,81.55,79.83,,-0.05%
7/26/2016,80.63,80.7,81.43,80.29,,0.41%
7/25/2016,80.3,80.22,80.92,80,,0.58%
7/22/2016,79.83,80.7,80.91,79.95,,-0.59%
7/21/2016,80.31,80.71,81.05,80.17,,0.01%
7/20/2016,80.3,80.78,81.19,80.16,,-0.54%
7/19/2016,80.74,81.84,81.87,80.23,,-0.86%
7/18/2016,81.44,81.49,82.16,81.21,,0.45%
7/15/2016,81.07,82.04,82.58,81.25,,-0.67%
7/14/2016,81.62,82.12,82.45,81.18,,-0.07%
7/13/2016,81.68,82.5,82.73,81.24,,-0.53%
7/12/2016,82.12,81.53,83.02,81.19,,1.22%
7/11/2016,81.13,81.9,82.19,80.68,,-0.46%
7/8/2016,81.5,81.18,82.19,80.53,,0.92%
7/7/2016,80.75,81.63,81.85,80.31,,-0.51%
7/6/2016,81.16,81,81.9,80.37,,0.37%
7/5/2016,80.86,81.72,81.86,80.42,,-0.94%
7/4/2016,81.63,80.71,81.93,80.23,,0.60%
7/1/2016,81.15,80.92,81.46,80.13,,0.80%
6/30/2016,80.5,80.92,81.25,79.65,,-0.01%
6/29/2016,80.51,80.42,81.18,79.89,,0.55%
6/28/2016,80.08,79.9,80.86,79.62,,0.69%
6/27/2016,79.52,80.9,81.17,79.63,,-1.32%
6/24/2016,80.58,81.97,82.46,78.69,,-1.19%
6/23/2016,81.56,80.89,82.46,80.69,,1.32%
6/22/2016,80.5,80.67,81.46,80.3,,0.31%
6/21/2016,80.25,80.66,81.27,80.25,,-0.04%
6/20/2016,80.27,79.88,80.87,79.73,,1.06%
6/17/2016,79.43,79.3,79.99,78.94,,0.69%
6/16/2016,78.89,79.7,79.95,78.48,,-0.56%
6/15/2016,79.33,79.48,80.09,78.87,,0.32%
6/14/2016,79.08,79.49,79.78,78.69,,-0.02%
6/13/2016,79.09,78.84,79.78,78.57,,0.92%
6/10/2016,78.37,79.36,79.61,78.54,,-0.78%
6/9/2016,78.98,79.94,80.47,79.04,,-0.70%
6/8/2016,79.53,79.9,80.31,79.14,,-0.21%
6/7/2016,79.7,79.1,80.18,78.6,,1.26%
6/6/2016,78.71,79.55,79.85,78.18,,-0.58%
6/3/2016,79.16,77.85,79.63,77.55,,1.83%
6/2/2016,77.74,78.25,78.4,77.35,,-0.57%
6/1/2016,78.18,78.08,78.68,77.68,,0.70%
5/31/2016,77.64,77.31,78.42,77.13,,0.95%
5/30/2016,76.91,77.13,77.57,76.76,,-0.25%
5/27/2016,77.1,77.63,77.93,77.05,,-0.54%
5/26/2016,77.52,77.57,78.38,77.09,,0.00%
5/25/2016,77.52,77.79,78.25,77.22,,0.13%
5/24/2016,77.42,77.82,78.2,77.13,,-0.24%
5/23/2016,77.61,77.95,78.37,77.35,,0.10%
5/20/2016,77.53,78.2,78.48,77.5,,-0.36%
5/19/2016,77.81,77.66,78.23,77.1,,0.71%
5/18/2016,77.27,78.45,78.57,77.4,,-1.01%
5/17/2016,78.05,78.14,78.95,77.83,,0.39%
5/16/2016,77.75,77.49,78.42,77.28,,0.28%
5/13/2016,77.53,78.18,78.42,77.36,,-0.78%
5/12/2016,78.14,78.81,78.88,77.82,,-0.37%
5/11/2016,78.43,78.6,79.17,78.08,,0.27%
5/10/2016,78.22,78.13,78.81,77.86,,0.61%
5/9/2016,77.75,78.49,78.82,77.77,,-0.59%
5/6/2016,78.21,79.77,79.92,78.04,,-1.48%
5/5/2016,79.38,79.51,80.17,79.22,,0.34%
5/4/2016,79.11,79.78,80.24,79.17,,-0.36%
5/3/2016,79.39,81.86,82.32,79.51,,-2.45%
5/2/2016,81.39,81.19,81.95,80.43,,0.82%
4/29/2016,80.73,81.44,81.89,80.5,,-0.40%
4/28/2016,81.05,80.94,81.66,80.5,,0.74%
4/27/2016,80.46,82.77,82.96,80.35,,-2.30%
4/26/2016,82.35,82.58,82.95,81.97,,0.19%
4/25/2016,82.19,82.32,82.73,81.88,,0.38%
4/22/2016,81.88,82.18,82.9,81.83,,0.13%
4/21/2016,81.78,82.54,83.46,81.93,,-0.44%
4/20/2016,82.14,83.53,83.58,82.23,,-1.18%
4/19/2016,83.12,82.69,83.62,82.63,,1.00%
4/18/2016,82.29,81.72,82.77,81.15,,0.15%
4/15/2016,82.17,82.16,82.74,81.97,,0.50%
4/14/2016,81.76,81.57,82.42,81.21,,0.70%
4/13/2016,81.19,81.95,82.31,81.18,,-0.44%
4/12/2016,81.54,80.75,82.03,80.59,,1.04%
4/11/2016,80.71,80.3,81.12,79.87,,0.93%
4/8/2016,79.97,79.82,80.64,79.75,,0.71%
4/7/2016,79.41,81.04,81.49,79.67,,-1.52%
4/6/2016,80.63,80.31,81.43,80.04,,0.87%
4/5/2016,79.94,80.82,80.97,79.81,,-0.56%
4/4/2016,80.39,81.44,81.48,80.3,,-0.72%
4/1/2016,80.97,81.29,81.76,80.56,,-0.01%
3/31/2016,80.98,81.7,81.95,80.74,,-0.40%
3/30/2016,81.3,81.58,81.98,80.72,,0.21%
3/29/2016,81.13,80.7,81.76,79.74,,1.09%
3/28/2016,80.26,80.27,80.85,79.93,,0.36%
3/25/2016,79.97,80.59,80.69,80.23,,-0.29%
3/24/2016,80.2,80.62,80.71,80.04,,-0.01%
3/23/2016,80.21,81.36,81.85,80.19,,-0.93%
3/22/2016,80.97,81.36,81.78,80.54,,0.04%
3/21/2016,80.93,81.21,81.61,80.38,,0.19%
3/18/2016,80.78,81.81,82.16,80.72,,-0.78%
3/17/2016,81.41,81.22,82.1,80.91,,0.29%
3/16/2016,81.18,80.4,81.34,79.75,,1.46%
3/15/2016,80.01,80.93,81.09,80.11,,-0.68%
3/14/2016,80.56,81.32,81.78,80.38,,-0.60%
3/11/2016,81.04,80.05,81.68,79.89,,1.73%
3/10/2016,79.67,80.77,80.86,79.73,,-0.88%
3/9/2016,80.38,80.13,81.24,79.83,,0.78%
3/8/2016,79.76,80.51,80.6,79.67,,-0.44%
3/7/2016,80.11,79.94,80.67,79.61,,0.44%
3/4/2016,79.76,79.4,80.18,78.93,,0.93%
3/3/2016,79.02,78.83,79.59,78.48,,0.73%
3/2/2016,78.45,77.91,78.92,77.64,,1.18%
3/1/2016,77.54,78.55,78.71,77.27,,-0.80%
2/29/2016,78.16,78.51,78.84,77.87,,-0.13%
2/26/2016,78.27,79.69,80.01,78.04,,-1.29%
2/25/2016,79.29,79.24,79.76,78.32,,0.53%
2/24/2016,78.87,79.22,79.4,78.31,,0.01%
2/23/2016,78.86,79.46,79.95,79,,-0.23%
2/22/2016,79.04,78.6,79.61,78.28,,1.08%
2/19/2016,78.2,78.66,78.73,77.42,,-0.11%
2/18/2016,78.29,78.85,78.92,78.05,,-0.23%
2/17/2016,78.46,78.02,78.9,77.55,,1.07%
2/16/2016,77.63,77.61,78.79,77.46,,0.53%
2/15/2016,77.22,77.85,78.4,77.44,,-0.17%
2/12/2016,77.36,77.67,78.13,77.16,,0.07%
2/11/2016,77.3,77.12,77.91,76,,0.69%
2/10/2016,76.77,76.99,77.55,76.39,,0.20%
2/9/2016,76.62,77.18,77.33,75.76,,-0.21%
2/8/2016,76.78,77,77.57,76.53,,0.25%
2/5/2016,76.59,77.83,78.23,76.61,,-1.54%
2/4/2016,77.78,78.35,78.65,77.56,,-0.25%
2/3/2016,77.98,76.68,78.53,76.19,,2.16%
2/2/2016,76.33,77.4,77.6,76.37,,-0.89%
2/1/2016,77.01,77.12,77.48,76.31,,0.41%
1/29/2016,76.7,77.53,77.86,76.46,,-0.62%
1/28/2016,77.18,76.48,77.84,76.27,,1.40%
1/27/2016,76.12,76.04,77.13,75.85,,0.61%
1/26/2016,75.66,75.68,76.21,75.26,,0.46%
1/25/2016,75.31,75.81,76.24,75.4,,-0.29%
1/22/2016,75.53,76.32,76.6,75.59,,-0.54%
1/21/2016,75.94,75.29,76.48,74.71,,1.35%
1/20/2016,74.93,74.87,75.49,74.22,,0.60%
1/19/2016,74.48,74.35,75.45,73.93,,0.23%
1/18/2016,74.31,74.32,75.09,73.86,,0.52%
1/15/2016,73.93,75.3,75.51,73.83,,-1.33%
1/14/2016,74.93,74.57,75.36,74.06,,0.98%
1/13/2016,74.2,74.85,75.6,74.41,,-0.32%
1/12/2016,74.44,74.89,75.33,74.17,,-0.08%
1/11/2016,74.5,74.4,75.25,74.08,,0.64%
1/8/2016,74.03,75.02,75.76,74.29,,-0.83%
1/7/2016,74.65,75.6,75.81,74.42,,-1.26%
1/6/2016,75.6,76.45,76.59,75.22,,-0.59%
1/5/2016,76.04,76.84,77.14,75.94,,-0.57%
1/4/2016,76.48,77.24,77.47,76.23,,-0.95%
1/1/2016,77.21,77.1,77.56,76.95,,0.27%
12/31/2015,77,77.6,77.9,76.9,,-0.26%
12/30/2015,77.2,77.51,77.83,77.09,,-0.37%
12/29/2015,77.48,76.8,77.64,76.68,,1.42%
12/28/2015,76.4,77.12,77.3,76.57,,0.07%
12/25/2015,76.35,77.14,77.48,76.72,,-0.49%
12/24/2015,76.73,76.63,77.19,76.54,,0.65%
12/23/2015,76.23,76.79,77,76.19,,-0.69%
12/22/2015,76.76,76.33,77.1,76.21,,0.61%
12/21/2015,76.3,76.41,76.65,75.7,,0.40%
12/18/2015,75.99,75.93,76.62,75.44,,0.62%
12/17/2015,75.53,77.24,77.4,75.56,,-1.73%
12/16/2015,76.85,77.02,77.75,76.49,,-0.19%
12/15/2015,76.99,77.78,78.3,76.66,,-0.98%
12/14/2015,77.76,77.1,78.06,76.6,,1.59%
12/11/2015,76.54,77.73,77.88,76.7,,-1.04%
12/10/2015,77.34,77.32,78.45,77.2,,0.55%
12/9/2015,76.92,77.16,77.66,76.56,,0.16%
12/8/2015,76.79,77.62,77.76,76.7,,-0.58%
12/7/2015,77.24,78.32,78.55,77.31,,-0.92%
12/4/2015,77.95,78.33,78.85,77.63,,-0.37%
12/3/2015,78.24,77.87,78.57,77.59,,0.50%
12/2/2015,77.85,77.91,78.38,77.55,,-0.04%
12/1/2015,77.88,77.1,78.07,76.91,,1.04%
11/30/2015,77.08,76.89,77.36,76.5,,0.80%
11/27/2015,76.47,76.98,77.5,76.57,,-0.10%
11/26/2015,76.54,76.95,77.33,76.51,,-0.03%
11/25/2015,76.56,77.01,77.48,76.64,,-0.52%
11/24/2015,76.96,76.51,77.07,76.15,,0.61%
11/23/2015,76.5,76.6,76.88,75.74,,0.27%
11/20/2015,76.29,76.18,76.85,75.87,,0.65%
11/19/2015,75.8,75.42,76.42,75.31,,0.51%
11/18/2015,75.41,75.12,75.66,74.79,,0.88%
11/17/2015,74.75,74.94,75.56,74.5,,-0.21%
11/16/2015,74.91,75.4,75.63,74.7,,-0.64%
11/13/2015,75.39,75.61,75.91,75.07,,0.20%
11/12/2015,75.24,74.92,75.91,74.89,,0.95%
11/11/2015,74.53,74.6,75.11,74.52,,0.41%
11/10/2015,74.23,74.91,75.27,74.42,,-0.86%
11/9/2015,74.87,74.1,75.3,73.82,,1.47%
11/6/2015,73.79,75.14,75.63,73.78,,-1.76%
11/5/2015,75.11,74.89,75.49,74.62,,0.80%
11/4/2015,74.51,75.48,75.98,74.62,,-0.80%
11/3/2015,75.11,74.99,75.82,74.72,,0.68%
11/2/2015,74.6,74.62,75.23,74.42,,0.12%
10/30/2015,74.51,73.99,74.92,73.81,,1.21%
10/29/2015,73.62,74.21,74.43,73.58,,-0.32%
10/28/2015,73.85,75.01,75.19,73.75,,-1.02%
10/27/2015,74.61,75.17,75.74,74.82,,-0.24%
10/26/2015,74.79,74.85,75.89,74.73,,-0.01%
10/23/2015,74.8,75.13,75.92,74.67,,0.13%
10/22/2015,74.71,75.14,75.44,74.84,,-0.06%
10/21/2015,74.75,75.58,76.01,74.94,,-0.59%
10/20/2015,75.19,75.15,76.15,75.07,,0.05%
10/19/2015,75.16,75.24,75.94,74.89,,0.36%
10/16/2015,74.89,76.03,76.19,75.02,,-0.97%
10/15/2015,75.62,75.97,76.94,75.35,,0.08%
10/14/2015,75.56,75.83,76.3,75.03,,0.24%
10/13/2015,75.38,76.27,76.47,75.47,,-1.12%
10/12/2015,76.23,76.69,76.9,75.67,,-0.11%
10/9/2015,76.32,75.98,76.83,75.21,,1.02%
10/8/2015,75.55,74.94,76.11,74.46,,1.35%
10/7/2015,74.54,74.99,75.38,74.64,,-0.09%
10/6/2015,74.61,74.01,75.29,73.77,,1.34%
10/5/2015,73.62,73.83,74.41,73.54,,0.16%
10/2/2015,73.5,73.67,74.1,73.39,,0.28%
10/1/2015,73.3,73.68,74.55,73.35,,-0.45%
9/30/2015,73.63,73.94,74.35,73.34,,0.10%
9/29/2015,73.56,73.87,74.37,73.16,,0.07%
9/28/2015,73.5,74.63,74.81,73.67,,-1.02%
9/25/2015,74.26,74.67,74.88,74.18,,-0.06%
9/24/2015,74.3,73.95,74.89,73.23,,1.01%
9/23/2015,73.56,74.87,74.97,73.78,,-1.26%
9/22/2015,74.49,75.23,75.5,74.35,,-0.48%
9/21/2015,74.85,75.79,75.99,74.84,,-0.81%
9/18/2015,75.46,76.28,76.78,75.61,,-0.51%
9/17/2015,75.85,76.54,77.39,75.88,,-0.40%
9/16/2015,76.15,75.85,76.65,75.58,,0.89%
9/15/2015,75.48,76.01,76.33,75.19,,-0.20%
9/14/2015,75.63,75.56,76.18,74.83,,0.49%
9/11/2015,75.26,75.16,75.79,74.63,,0.63%
9/10/2015,74.79,74.53,75.64,73.79,,0.84%
9/9/2015,74.17,74.71,75.33,74.27,,-0.22%
9/8/2015,74.33,74.03,74.97,73.91,,0.43%
9/7/2015,74.01,73.6,74.52,73.32,,1.27%
9/4/2015,73.08,74.37,74.69,73.4,,-1.70%
9/3/2015,74.35,74.54,75.01,73.95,,0.24%
9/2/2015,74.17,74.35,74.87,73.78,,-0.19%
9/1/2015,74.31,75.66,76.19,74.29,,-1.29%
8/31/2015,75.27,75.81,76.17,75.18,,-0.80%
8/28/2015,75.88,75.75,76.27,75.24,,0.25%
8/27/2015,75.69,75.72,76.15,74.87,,0.48%
8/26/2015,75.33,75.4,76.05,74.93,,-0.05%
8/25/2015,75.36,76.33,77.17,75.33,,-0.78%
8/24/2015,75.96,76.7,77.71,75.22,,-0.59%
8/21/2015,76.41,76.95,77.71,76.44,,-0.23%
8/20/2015,76.59,76.74,77.24,75.96,,0.33%
8/19/2015,76.34,76.89,77.15,76.24,,-0.15%
8/18/2015,76.45,77.21,77.38,76.67,,-0.44%
8/17/2015,76.79,77.06,77.46,76.57,,0.30%
8/14/2015,76.56,76.74,77.35,76.51,,0.34%
8/13/2015,76.31,76.77,77.12,76.07,,-0.08%
8/12/2015,76.37,75.13,76.9,74.23,,2.18%
8/11/2015,74.74,75.95,76.23,74.75,,-1.02%
8/10/2015,75.51,75.91,76.16,74.91,,-0.08%
8/7/2015,75.57,74.95,76,74.69,,1.36%
8/6/2015,74.55,75.06,75.38,74.5,,-0.12%
8/5/2015,74.64,75.91,75.95,74.68,,-1.11%
8/4/2015,75.48,74.94,76.42,74.44,,1.29%
8/3/2015,74.52,75,75.18,74.26,,-0.07%
7/31/2015,74.57,74.73,75.6,74.08,,0.31%
7/30/2015,74.34,74.6,75.13,74.19,,0.19%
7/29/2015,74.19,75.09,75.31,74.35,,-0.63%
7/28/2015,74.66,74.77,75.34,74.43,,0.41%
7/27/2015,74.35,74.27,75.23,74.03,,0.59%
7/24/2015,73.91,74.9,75.05,73.9,,-1.03%
7/23/2015,74.68,75.03,75.86,74.79,,-0.32%
7/22/2015,74.92,75.89,76.06,74.73,,-0.77%
7/21/2015,75.51,74.99,76.13,74.64,,1.23%
7/20/2015,74.59,75.62,75.71,74.35,,-0.78%
7/17/2015,75.17,75.89,76,74.75,,-0.41%
7/16/2015,75.48,75.23,75.95,74.49,,0.92%
7/15/2015,74.79,75.89,76.28,74.61,,-1.35%
7/14/2015,75.82,75.36,76.25,75.05,,0.65%
7/13/2015,75.33,76.04,76.33,75.01,,-0.68%
7/10/2015,75.85,76.34,76.62,75.32,,-0.08%
7/9/2015,75.91,76.14,76.53,74.43,,0.20%
7/8/2015,75.76,76.01,76.29,74.86,,0.17%
7/7/2015,75.63,76.39,76.71,75.11,,-0.92%
7/6/2015,76.33,76.24,77.05,75.75,,-0.15%
7/3/2015,76.45,77.75,78.13,76.07,,-1.48%
7/2/2015,77.59,77.95,78.47,76.96,,-0.44%
7/1/2015,77.94,78.65,79.03,77.84,,-0.63%
6/30/2015,78.43,78.77,79.13,77.7,,0.16%
6/29/2015,78.3,77.77,79.02,77.35,,0.36%
6/26/2015,78.02,78.86,78.97,77.72,,-0.96%
6/25/2015,78.78,78.92,79.38,78.39,,0.40%
6/24/2015,78.46,79.3,79.54,78.15,,-0.51%
6/23/2015,78.87,78.73,79.44,78.15,,0.26%
6/22/2015,78.66,79.23,79.6,78.54,,-0.78%
6/19/2015,79.28,79.51,79.81,78.52,,-0.24%
6/18/2015,79.47,79.53,80.41,78.65,,0.05%
6/17/2015,79.43,79.82,80.02,78.48,,-0.40%
6/16/2015,79.75,79.48,80.09,79.13,,0.41%
6/15/2015,79.42,79.25,79.73,78.76,,0.49%
6/12/2015,79.03,79.25,79.57,78.55,,-0.24%
6/11/2015,79.22,79.43,79.64,78.54,,-0.17%
6/10/2015,79.36,78.72,79.69,78.01,,0.88%
6/9/2015,78.66,78.92,79.21,77.95,,-0.26%
6/8/2015,78.87,77.73,79.04,77.46,,1.38%
6/5/2015,77.8,78.74,79.06,77.5,,-1.17%
6/4/2015,78.71,79.6,79.81,78.48,,-1.09%
6/3/2015,79.59,79.37,80.08,79.09,,0.34%
6/2/2015,79.32,77.53,79.57,77.43,,2.36%
6/1/2015,77.49,78.05,78.38,77.38,,-0.13%
5/29/2015,77.59,78.08,78.51,77.75,,-0.62%
5/28/2015,78.07,79.16,79.5,77.66,,-0.79%
5/27/2015,78.69,79.2,79.8,78.69,,-0.12%
5/26/2015,78.79,79.57,80.18,79.05,,-0.96%
5/25/2015,79.55,79.58,79.96,79.25,,0.00%
5/22/2015,79.55,80.39,80.9,79.36,,-1.01%
5/21/2015,80.36,80.42,80.91,80,,0.46%
5/20/2015,79.99,80.64,81.13,80.16,,-0.77%
5/19/2015,80.61,81.47,81.84,80.54,,-0.48%
5/18/2015,81,81.57,81.96,81.11,,-0.24%
5/15/2015,81.19,82.29,82.44,81.1,,-1.31%
5/14/2015,82.27,83.08,83.62,82.04,,-0.94%
5/13/2015,83.05,81.86,83.22,81.51,,1.49%
5/12/2015,81.83,80.62,82.3,80.56,,1.56%
5/11/2015,80.57,81.31,81.34,80.23,,-0.16%
5/8/2015,80.7,81.26,81.7,80.44,,-0.17%
5/7/2015,80.84,81.04,82.12,80.59,,-0.19%
5/6/2015,80.99,80.62,81.7,80.33,,0.99%
5/5/2015,80.2,79.54,80.8,79.07,,1.37%
5/4/2015,79.12,79.52,79.7,79.17,,-0.18%
5/1/2015,79.26,80.22,80.37,79.18,,-0.68%
4/30/2015,79.8,81.09,81.62,79.78,,-1.58%
4/29/2015,81.09,81.08,81.8,80.45,,0.05%
4/28/2015,81.05,79.83,81.13,79.44,,2.06%
4/27/2015,79.41,79.53,80.06,79.09,,0.44%
4/24/2015,79.06,78.81,79.9,78.36,,0.34%
4/23/2015,78.79,77.95,78.95,77.55,,1.63%
4/22/2015,77.53,77.53,78.8,77.47,,0.52%
4/21/2015,77.12,77.76,78.1,77.16,,-0.31%
4/20/2015,77.36,78.19,78.63,77.42,,0.28%
4/17/2015,77.15,77.79,78.44,77.27,,-0.77%
4/16/2015,77.75,76.66,78.06,76.55,,1.47%
4/15/2015,76.62,76.27,76.85,75.43,,0.98%
4/14/2015,75.87,75.92,76.52,75.55,,0.46%
4/13/2015,75.53,76.56,76.62,75.25,,-0.82%
4/10/2015,76.15,76.6,77.17,75.98,,-0.58%
4/9/2015,76.6,76.52,77.29,76.2,,0.14%
4/8/2015,76.49,76.03,77.19,75.96,,0.63%
4/7/2015,76,75.55,77.09,75.36,,1.16%
4/6/2015,75.13,76.17,76.59,75.25,,-1.02%
4/3/2015,75.91,75.92,76.93,75.7,,0.53%
4/2/2015,75.51,76.01,76.12,75.32,,-0.11%
4/1/2015,75.59,76.07,76.73,75.74,,-0.59%
3/31/2015,76.04,76.75,76.93,75.78,,-0.88%
3/30/2015,76.72,77.36,77.73,76.48,,-0.30%
3/27/2015,76.94,78.49,78.71,77.31,,-1.95%
3/26/2015,78.47,78.22,79.35,77.82,,0.35%
3/25/2015,78.2,78.47,78.99,77.98,,-0.31%
3/24/2015,78.44,78.53,79.12,77.86,,0.41%
3/23/2015,78.12,77.75,78.73,77.2,,0.67%
3/20/2015,77.61,76.51,78,76.37,,1.52%
3/19/2015,76.45,77.99,78.33,76.13,,-1.90%
3/18/2015,77.92,76.43,78.69,75.89,,2.48%
3/17/2015,76.04,76.79,77.13,76.21,,-0.44%
3/16/2015,76.38,76.92,77.38,76.43,,-0.64%
3/13/2015,76.87,77.11,77.46,76.52,,-0.25%
3/12/2015,77.07,76.28,77.37,75.8,,1.55%
3/11/2015,75.89,76.57,76.93,75.8,,-0.37%
3/10/2015,76.18,77.09,77.24,76.15,,-0.68%
3/9/2015,76.69,76.62,77.75,76.46,,0.52%
3/6/2015,76.3,77.4,78.05,76.62,,-0.87%
3/5/2015,76.97,77.87,78.25,76.98,,-1.07%
3/4/2015,77.81,77.45,78.37,76.95,,1.04%
3/3/2015,77,76.9,77.87,76.72,,0.69%
3/2/2015,76.48,77.56,77.64,76.58,,-1.01%
2/27/2015,77.25,77.08,77.72,76.73,,0.26%
2/26/2015,77.05,78.19,78.43,76.9,,-1.39%
2/25/2015,78.14,77.95,78.65,77.75,,0.82%
2/24/2015,77.5,77.81,78.13,76.9,,-0.31%
2/23/2015,77.74,78.12,78.29,77.25,,-0.40%
2/20/2015,78.06,77.73,78.34,77.48,,0.95%
2/19/2015,77.33,77.91,78.29,77.33,,-0.73%
2/18/2015,77.9,77.77,78.29,77.37,,0.73%
2/17/2015,77.33,77.3,77.98,77.01,,0.10%
2/16/2015,77.25,77.28,77.77,76.99,,-0.06%
2/13/2015,77.3,77.14,77.67,76.69,,0.78%
2/12/2015,76.7,76.89,77.56,76.04,,-0.21%
2/11/2015,76.86,77.3,77.69,76.6,,-0.06%
2/10/2015,76.91,77.57,78.15,76.88,,-0.34%
2/9/2015,77.17,76.69,78.02,76.48,,0.33%
2/6/2015,76.91,77.02,77.84,76.77,,-0.09%
2/5/2015,76.98,76.61,77.55,76.42,,0.55%
2/4/2015,76.56,76.88,77.75,76.49,,-0.40%
2/3/2015,76.87,77.16,77.47,75.18,,-0.35%
2/2/2015,77.14,76.56,77.57,76.46,,0.35%
1/30/2015,76.87,76.82,77.34,76.37,,0.61%
1/29/2015,76.4,77.51,77.86,76.38,,-0.90%
1/28/2015,77.09,77.99,79.07,77.33,,-1.06%
1/27/2015,77.92,77.89,78.53,77.54,,0.57%
1/26/2015,77.47,77.58,78,77.18,,0.24%
1/23/2015,77.29,79.25,79.48,77.45,,-2.41%
1/22/2015,79.19,79.74,80.43,78.91,,-0.66%
1/21/2015,79.72,80.66,81.38,79.65,,-1.11%
1/20/2015,80.62,81.08,81.45,80.37,,-0.06%
1/19/2015,80.66,81.38,81.65,80.64,,-0.41%
1/16/2015,81,81.72,82.29,80.86,,-0.15%
1/15/2015,81.12,81.09,82.39,80.22,,0.59%
1/14/2015,80.64,81.19,81.52,80.03,,-0.66%
1/13/2015,81.18,81.14,81.71,80.6,,0.57%
1/12/2015,80.72,81.83,82.39,80.77,,-1.28%
1/9/2015,81.77,81.46,81.89,80.7,,0.41%
1/8/2015,81.44,81.67,82.27,80.97,,-0.24%
1/7/2015,81.63,82.23,82.42,81.18,,-0.72%
1/6/2015,82.22,82.01,83.03,81.9,,0.77%
1/5/2015,81.6,81.81,82.4,81.3,,0.13%
1/2/2015,81.49,82.95,82.99,81.8,,-1.68%
1/1/2015,82.88,82.33,83.16,82.22,,1.11%
12/31/2014,81.97,82.99,83.48,82.26,,-0.71%
12/30/2014,82.56,82.85,83.4,82.55,,-0.30%
12/29/2014,82.81,82.54,83.37,82.42,,0.84%
12/26/2014,82.12,82.49,83,82.21,,0.12%
12/25/2014,82.03,82.41,82.84,82.19,,-0.40%
12/24/2014,82.35,82.06,82.75,81.9,,0.90%
12/23/2014,81.62,82.31,82.7,81.71,,-0.80%
12/22/2014,82.28,82.45,82.9,82.07,,0.32%
12/19/2014,82.02,82.46,83.07,82.04,,-0.02%
12/18/2014,82.04,82.69,83.25,82.05,,-0.73%
12/17/2014,82.65,83.54,83.87,82.47,,-1.05%
12/16/2014,83.53,82.72,84.31,82.57,,1.55%
12/15/2014,82.25,82.19,83.45,81.75,,0.16%
12/12/2014,82.12,82.5,83.03,81.89,,0.05%
12/11/2014,82.08,82.54,83.31,81.84,,-0.54%
12/10/2014,82.53,82.12,83.02,81.76,,1.04%
12/9/2014,81.68,82.06,82.9,81.24,,0.07%
12/8/2014,81.63,81.99,82.51,81.66,,-0.77%
12/5/2014,82.26,83.09,83.29,82.17,,-0.94%
12/4/2014,83.04,83.24,83.68,82.53,,0.30%
12/3/2014,82.79,83.63,83.97,82.81,,-0.42%
12/2/2014,83.14,84.27,84.85,83.32,,-1.30%
12/1/2014,84.24,84.33,84.78,83.45,,-0.25%
11/28/2014,84.44,84.6,84.92,83.84,,-0.13%
11/27/2014,84.56,84.58,85.49,84.35,,-0.01%
11/26/2014,84.56,84.44,85.06,83.71,,0.20%
11/25/2014,84.39,85.41,85.58,84.14,,-0.64%
11/24/2014,84.93,85.68,86.16,85.14,,-0.81%
11/21/2014,85.63,85.44,86.51,84.94,,0.78%
11/20/2014,84.96,85.44,85.85,84.92,,-0.04%
11/19/2014,85,86.14,86.23,85.11,,-1.28%
11/18/2014,86.1,86,86.64,85.58,,0.61%
11/17/2014,85.57,86.47,87.05,85.8,,-0.39%
11/14/2014,85.91,85.92,86.66,85.25,,0.04%
11/13/2014,85.87,85.82,86.57,85.2,,0.61%
11/12/2014,85.36,85.54,86.23,85.1,,-0.20%
11/11/2014,85.53,84.85,85.9,84.48,,1.34%
11/10/2014,84.4,85.15,85.73,84.7,,-0.82%
11/7/2014,85.09,84.13,85.37,83.82,,1.72%
11/6/2014,83.65,84.46,84.79,84.04,,-0.38%
11/5/2014,83.98,85.86,86.25,83.99,,-1.68%
11/4/2014,85.41,85.29,86.12,84.94,,0.19%
11/3/2014,85.25,85.89,86.25,85.13,,-0.76%
10/31/2014,85.91,86.87,87.17,85.96,,-1.03%
10/30/2014,86.81,86.37,86.97,85.82,,0.53%
10/29/2014,86.35,86.89,87.57,86.14,,-0.59%
10/28/2014,86.87,86.34,87.19,86.18,,0.63%
10/27/2014,86.32,86.23,86.77,85.96,,0.62%
10/24/2014,85.79,85.91,86.54,85.48,,0.39%
10/23/2014,85.45,86.07,86.37,85.77,,-0.17%
10/22/2014,85.6,86.13,86.62,85.7,,-0.10%
10/21/2014,85.68,86.24,86.85,85.85,,-0.60%
10/20/2014,86.2,85.99,86.51,85.58,,0.30%
10/17/2014,85.94,86.65,87.04,85.77,,-0.30%
10/16/2014,86.2,86.78,87.05,85.76,,-0.08%
10/15/2014,86.27,85.62,87.08,85.24,,1.29%
10/14/2014,85.18,85.76,86.32,85.19,,-0.62%
10/13/2014,85.71,85.34,86.12,84.93,,1.08%
10/10/2014,84.79,85.8,86.18,85.03,,-0.62%
10/9/2014,85.31,86.85,87.28,85.41,,-1.26%
10/8/2014,86.4,86.66,86.99,85.74,,0.22%
10/7/2014,86.21,86.4,86.87,85.5,,0.32%
10/6/2014,85.94,85.51,86.61,85.28,,1.02%
10/3/2014,85.06,86.78,86.82,85.19,,-1.48%
10/2/2014,86.34,86.13,87.04,85.99,,0.76%
10/1/2014,85.69,86.41,86.57,85.41,,-0.81%
9/30/2014,86.39,85.83,86.73,85.4,,0.71%
9/29/2014,85.78,85.78,86.31,85,,0.57%
9/26/2014,85.29,86.25,86.68,85.46,,-1.08%
9/25/2014,86.23,86.67,86.89,85.67,,-0.46%
9/24/2014,86.63,86.2,87.02,86.09,,0.52%
9/23/2014,86.18,86.36,87.27,86.11,,-0.14%
9/22/2014,86.31,86.85,87.35,85.99,,-0.57%
9/19/2014,86.8,87.9,88.02,86.64,,-0.73%
9/18/2014,87.44,87.34,88.09,86.78,,0.65%
9/17/2014,86.87,88.84,88.98,87.24,,-1.71%
9/16/2014,88.38,88.31,89.03,87.62,,0.61%
9/15/2014,87.85,87.52,88.63,87.31,,0.18%
9/12/2014,87.69,88.72,88.91,87.53,,-1.13%
9/11/2014,88.7,89.27,89.97,88.43,,-0.62%
9/10/2014,89.25,89.26,89.56,88.67,,0.05%
9/9/2014,89.2,89.59,90.29,88.98,,0.13%
9/8/2014,89.09,90.52,90.73,89.51,,-1.66%
9/5/2014,90.59,90.29,90.99,89.93,,0.90%
9/4/2014,89.79,90.46,90.91,89.99,,-0.18%
9/3/2014,89.94,89.68,90.65,89.51,,0.82%
9/2/2014,89.22,90.38,90.61,89.59,,-1.27%
9/1/2014,90.36,90.3,90.75,90.03,,0.54%
8/29/2014,89.88,90.57,90.86,90.14,,-0.70%
8/28/2014,90.51,90.31,91.06,90.09,,0.23%
8/27/2014,90.3,90,90.71,89.78,,0.38%
8/26/2014,89.96,90.1,90.45,89.63,,-0.09%
8/25/2014,90.04,90.15,90.52,89.74,,-0.03%
8/22/2014,90.06,90.56,90.75,89.73,,0.05%
8/21/2014,90.02,90.07,90.66,89.44,,0.47%
8/20/2014,89.6,90.31,90.75,89.74,,-0.75%
8/19/2014,90.27,90.67,91.07,90.19,,0.17%
8/18/2014,90.12,90.63,90.77,90.49,,0.01%
8/15/2014,90.11,90.6,90.78,90.39,,-0.01%
8/14/2014,90.12,91.14,91.32,90.29,,-1.08%
8/13/2014,91.1,90.59,91.47,90.47,,0.63%
8/12/2014,90.54,90.65,90.97,90.26,,-0.11%
8/11/2014,90.64,91.01,91.21,90.38,,0.08%
8/8/2014,90.56,90.82,91.6,90.39,,0.24%
8/7/2014,90.35,92.04,92.1,90.55,,-1.33%
8/6/2014,91.57,90.57,92.24,90.4,,1.63%
8/5/2014,90.1,91.02,91.28,90.33,,-0.47%
8/4/2014,90.52,91.19,91.48,90.56,,-0.13%
8/1/2014,90.64,90.06,91.41,89.89,,1.17%
7/31/2014,89.59,89.67,90.39,89.39,,0.49%
7/30/2014,89.16,90.28,90.67,89.41,,-0.71%
7/29/2014,89.8,90.5,90.61,90.18,,-0.24%
7/28/2014,90.02,90.4,90.8,90.04,,0.17%
7/25/2014,89.86,90.61,90.94,90.13,,-0.80%
7/24/2014,90.59,90.92,91.26,90.29,,0.20%
7/23/2014,90.41,90.54,91.2,90.32,,0.41%
7/22/2014,90.04,90.44,90.95,90.1,,0.09%
7/21/2014,89.96,90.57,90.88,90.09,,-0.13%
7/18/2014,90.08,90.04,90.91,89.87,,0.57%
7/17/2014,89.56,90.12,90.58,89.76,,-0.09%
7/16/2014,89.64,90.14,90.38,89.58,,0.01%
7/15/2014,89.63,90.38,90.82,89.75,,-0.30%
7/14/2014,89.9,90.04,90.78,89.75,,0.37%
7/11/2014,89.57,90.48,90.83,89.77,,-0.44%
7/10/2014,89.97,90,90.66,89.35,,0.54%
7/9/2014,89.48,89.92,90.36,89.48,,0.06%
7/8/2014,89.42,90.02,90.39,89.44,,-0.12%
7/7/2014,89.53,89.52,90.23,89.09,,0.63%
7/4/2014,88.97,89.32,89.86,89.07,,0.14%
7/3/2014,88.84,90.19,90.25,89.03,,-0.98%
7/2/2014,89.72,91.29,91.41,89.92,,-1.16%
7/1/2014,90.77,90.84,91.41,90.35,,0.50%
6/30/2014,90.32,90.6,90.99,90.12,,0.26%
6/27/2014,90.08,90.6,91.07,90.22,,0.01%
6/26/2014,90.07,90.53,90.92,90.12,,0.08%
6/25/2014,90,90.18,90.73,89.82,,0.39%
6/24/2014,89.65,90.76,91.03,90.07,,-0.68%
6/23/2014,90.26,90.22,91.29,90.2,,0.38%
6/20/2014,89.92,90.36,91.07,90.12,,0.06%
6/19/2014,89.86,90.9,91.06,89.79,,-0.61%
6/18/2014,90.41,89.67,90.97,89.42,,1.38%
6/17/2014,89.18,90.49,90.86,89.46,,-0.93%
6/16/2014,90.01,89.88,90.87,89.62,,0.67%
6/13/2014,89.41,89.37,90.13,89.04,,0.60%
6/12/2014,88.88,88.97,89.6,88.62,,0.43%
6/11/2014,88.5,88.93,89.39,88.69,,0.06%
6/10/2014,88.44,88.63,89.21,88.33,,-0.19%
6/9/2014,88.61,88.4,88.93,87.98,,0.82%
6/6/2014,87.89,88.68,88.93,88.03,,-0.35%
6/5/2014,88.2,88.07,88.76,87.69,,0.70%
6/4/2014,87.58,88.03,88.46,87.58,,0.02%
6/3/2014,87.56,87.52,88.36,87.2,,0.59%
6/2/2014,87.05,88.09,88.26,87.2,,-0.59%
5/30/2014,87.57,87.93,88.35,87.58,,0.14%
5/29/2014,87.45,87.08,88.17,86.83,,0.96%
5/28/2014,86.62,87.47,88.04,86.63,,-0.43%
5/27/2014,86.99,86.78,87.9,86.68,,0.79%
5/26/2014,86.31,86.44,87.35,86.07,,0.44%
5/23/2014,85.93,86.28,86.87,85.82,,0.14%
5/22/2014,85.81,87.01,87.32,86.05,,-0.82%
5/21/2014,86.52,86.71,87.26,86.32,,0.33%
5/20/2014,86.24,87.47,87.67,86.53,,-0.88%
5/19/2014,87,88.05,88.24,87.12,,-0.67%
5/16/2014,87.59,88.77,88.86,87.41,,-0.79%
5/15/2014,88.29,89.56,89.72,88.27,,-0.84%
5/14/2014,89.04,89.4,89.88,89.32,,0.17%
5/13/2014,88.89,89.94,90.02,88.96,,-0.62%
5/12/2014,89.44,89.91,90.45,88.87,,-0.01%
5/9/2014,89.45,90.1,90.32,89.55,,-0.13%
5/8/2014,89.57,89.75,90.51,89.55,,0.32%
5/7/2014,89.28,90.29,90.35,89.31,,-0.56%
5/6/2014,89.78,89.36,90.61,89.01,,1.05%
5/5/2014,88.84,89.29,89.73,88.67,,0.03%
5/2/2014,88.82,89.52,89.76,88.59,,-0.25%
5/1/2014,89.04,89.63,89.89,89.36,,-0.10%
4/30/2014,89.13,89.61,90.02,89.13,,-0.02%
4/29/2014,89.14,89.83,90.02,89.17,,-0.25%
4/28/2014,89.37,89.97,90.43,89.53,,-0.12%
4/25/2014,89.48,90.53,91.01,89.61,,-0.63%
4/24/2014,90.05,90.78,90.9,90.4,,-0.29%
4/23/2014,90.31,91.08,91.24,90.11,,-0.33%
4/22/2014,90.61,90.44,91.43,90.31,,0.73%
4/21/2014,89.95,90.06,90.74,89.69,,0.48%
4/18/2014,89.52,89.99,90.14,89.92,,0.03%
4/17/2014,89.49,90.52,90.9,89.78,,-0.59%
4/16/2014,90.03,90.22,90.86,89.83,,0.35%
4/15/2014,89.72,90.74,90.97,89.96,,-0.58%
4/14/2014,90.23,90.42,90.78,90.27,,0.30%
4/11/2014,89.97,90.48,91.01,89.95,,-0.02%
4/10/2014,89.99,90.36,91.29,90.03,,0.15%
4/9/2014,89.85,90.05,90.56,89.48,,0.32%
4/8/2014,89.57,89.18,90.12,89.08,,0.97%
4/7/2014,88.7,89.36,89.78,88.5,,-0.16%
4/4/2014,88.85,88.87,89.61,88.58,,0.52%
4/3/2014,88.39,88.64,89.33,88,,0.24%
4/2/2014,88.17,88.63,89,87.85,,0.01%
4/1/2014,88.16,88.8,89.14,88.47,,-0.18%
3/31/2014,88.32,88.65,88.95,88.36,,0.16%
3/28/2014,88.18,89.38,89.81,88.08,,-0.81%
3/27/2014,88.9,88.78,89.58,88.51,,0.73%
3/26/2014,88.25,88.69,89.16,88.07,,0.05%
3/25/2014,88.21,88.81,89.08,88.01,,-0.16%
3/24/2014,88.35,88.57,89.12,87.87,,-0.12%
3/21/2014,88.46,88.7,89.1,88.1,,0.23%
3/20/2014,88.26,88.19,88.93,87.75,,0.62%
3/19/2014,87.72,89.36,89.6,87.96,,-1.34%
3/18/2014,88.91,88.98,89.49,88.12,,0.45%
3/17/2014,88.51,88.24,89.1,88.04,,0.69%
3/14/2014,87.9,88.41,89.08,87.98,,-0.04%
3/13/2014,87.93,88.04,89.17,87.92,,0.43%
3/12/2014,87.56,87.53,88.18,87.17,,0.60%
3/11/2014,87.04,87.83,88.42,87.22,,-0.33%
3/10/2014,87.33,88.51,88.96,87.57,,-1.00%
3/7/2014,88.21,88.9,89.58,88.36,,-0.20%
3/6/2014,88.38,88.78,89.26,88.08,,0.05%
3/5/2014,88.33,88.57,89.11,88.28,,0.25%
3/4/2014,88.11,88.72,89.31,88.2,,-0.17%
3/3/2014,88.26,88.04,88.95,87.76,,0.08%
2/28/2014,88.19,88.91,89.32,88.07,,-0.27%
2/27/2014,88.43,88.96,88.98,88.31,,-0.02%
2/26/2014,88.45,89.37,89.65,88.69,,-0.54%
2/25/2014,88.93,89.74,89.98,89.03,,-0.40%
2/24/2014,89.28,89.29,89.9,88.7,,0.60%
2/21/2014,88.75,89.67,89.83,88.89,,-0.52%
2/20/2014,89.21,89.57,89.9,88.83,,0.13%
2/19/2014,89.1,89.85,90.04,89.47,,-0.29%
2/18/2014,89.35,89.38,90.28,89.17,,0.50%
2/17/2014,88.91,89.7,90.19,89.06,,-0.11%
2/14/2014,89.01,89.67,90.26,89.11,,-0.23%
2/13/2014,89.21,89.68,89.91,88.5,,0.01%
2/12/2014,89.2,89.99,90.38,89.47,,-0.34%
2/11/2014,89.51,89.4,90.33,89.31,,0.66%
2/10/2014,88.92,89.34,89.58,88.56,,0.14%
2/7/2014,88.8,89.38,89.84,88.8,,-0.61%
2/6/2014,89.34,89.21,90.03,89.02,,0.72%
2/5/2014,88.7,89.31,89.71,88.4,,-0.15%
2/4/2014,88.84,87.63,89.6,87.4,,1.96%
2/3/2014,87.13,87.79,88.52,87.31,,-0.26%
1/31/2014,87.35,88.01,88.4,87.05,,-0.22%
1/30/2014,87.55,87.27,88.21,86.99,,0.82%
1/29/2014,86.84,87.8,88.28,87,,-0.57%
1/28/2014,87.34,88.23,89.05,87.58,,-0.48%
1/27/2014,87.76,87.15,88.75,86.97,,1.33%
1/24/2014,86.61,86.88,87.56,86.29,,0.20%
1/23/2014,86.43,87.56,87.76,86.48,,-0.77%
1/22/2014,87.1,87.19,88.23,87,,0.41%
1/21/2014,86.75,86.88,87.44,86.38,,0.38%
1/20/2014,86.42,86.41,87.17,86.16,,0.49%
1/17/2014,86,86.85,87.06,86.1,,-0.45%
1/16/2014,86.39,87.78,87.82,86.23,,-1.08%
1/15/2014,87.33,88.27,88.44,87.27,,-0.55%
1/14/2014,87.81,89.12,89.19,88.14,,-0.95%
1/13/2014,88.66,89.17,89.55,88.51,,0.03%
1/10/2014,88.63,88.39,89.21,87.76,,0.83%
1/9/2014,87.9,88.4,88.73,87.79,,-0.56%
1/8/2014,88.4,88.99,89.23,88.22,,-0.15%
1/7/2014,88.53,89.41,89.62,88.56,,-0.42%
1/6/2014,88.9,89.04,89.74,88.73,,0.46%
1/3/2014,88.5,88.78,90.18,88.51,,0.25%
1/2/2014,88.28,88.02,89.11,87.86,,0.85%
1/1/2014,87.53,88.16,88.67,87.85,,-0.19%
12/31/2013,87.69,88.2,88.71,87.91,,-0.06%
12/30/2013,87.75,87.78,88.47,87.34,,0.49%
12/27/2013,87.32,88.49,88.84,87.66,,-0.74%
12/26/2013,87.98,88.21,88.72,87.66,,0.35%
12/25/2013,87.67,88.18,88.32,88.09,,-0.03%
12/24/2013,87.7,88.58,88.79,87.89,,-0.46%
12/23/2013,88.11,88.56,88.96,88.1,,-0.01%
12/20/2013,88.11,88.16,88.9,87.74,,0.46%
12/19/2013,87.71,88.03,88.74,87.56,,0.15%
12/18/2013,87.58,88.3,88.99,87.61,,-0.24%
12/17/2013,87.79,88.38,89.03,87.98,,-0.16%
12/16/2013,87.93,89.1,89.41,87.98,,-0.80%
12/13/2013,88.64,88.4,89.37,88.15,,0.83%
12/12/2013,87.91,88.69,89.92,88.18,,-0.34%
12/11/2013,88.21,89.37,90,88.64,,-0.79%
12/10/2013,88.91,89.12,89.65,88.6,,0.26%
12/9/2013,88.68,89.69,89.79,88.49,,-0.32%
12/6/2013,88.96,89.55,89.79,88.33,,-0.14%
12/5/2013,89.09,89.66,90,88.6,,-0.59%
12/4/2013,89.62,91.17,91.22,89.23,,-1.19%
12/3/2013,90.7,90.8,91.38,90.18,,0.47%
12/2/2013,90.28,91.01,91.63,90.37,,-0.31%
11/29/2013,90.56,90.89,91.58,90.12,,0.19%
11/28/2013,90.39,90.28,91.59,90.22,,0.16%
11/27/2013,90.24,91.27,91.5,90.12,,-0.64%
11/26/2013,90.82,91.62,92.21,90.74,,-0.34%
11/25/2013,91.13,92.23,92.45,91.05,,-0.68%
11/22/2013,91.75,92.99,93.17,91.83,,-0.82%
11/21/2013,92.51,93.46,94.02,92.63,,-0.51%
11/20/2013,92.99,94.15,94.47,93.26,,-0.72%
11/19/2013,93.66,93.64,94.32,92.87,,0.54%
11/18/2013,93.16,94.6,94.84,93.41,,-1.04%
11/15/2013,94.14,94.09,94.69,93.96,,0.57%
11/14/2013,93.61,94.79,95.08,93.59,,-0.76%
11/13/2013,94.32,94.84,95.29,93.84,,-0.03%
11/12/2013,94.35,94.7,95.56,94.24,,0.13%
11/11/2013,94.23,93.84,95.5,93.63,,0.95%
11/8/2013,93.34,94.42,95.32,93.49,,-0.63%
11/7/2013,93.93,95.12,95.43,94.19,,-0.66%
11/6/2013,94.56,93.75,95.48,93.53,,1.41%
11/5/2013,93.24,93.96,94.3,93.2,,-0.24%
11/4/2013,93.46,93.28,94.02,93.13,,0.76%
11/1/2013,92.76,93.09,94.24,92.92,,0.17%
10/31/2013,92.6,92.91,93.96,92.63,,0.23%
10/30/2013,92.39,93.01,93.8,92.49,,-0.09%
10/29/2013,92.48,94.22,94.36,92.77,,-1.32%
10/28/2013,93.71,94.25,95.01,93.97,,-0.02%
10/25/2013,93.73,94.63,95.34,93.99,,-0.44%
10/24/2013,94.14,94.87,95.57,94,,-0.26%
10/23/2013,94.38,95.77,96.25,94.36,,-0.93%
10/22/2013,95.26,95.07,96.01,94.78,,0.82%
10/21/2013,94.49,94.8,95.51,94.45,,0.13%
10/18/2013,94.37,94.4,95.6,93.51,,0.53%
10/17/2013,93.87,94.51,94.89,93.6,,-0.17%
10/16/2013,94.03,94.26,94.59,93.99,,0.27%
10/15/2013,93.77,93.45,94.7,93.14,,0.37%
10/14/2013,93.43,92.26,93.73,91.97,,1.55%
10/11/2013,92,92.84,93.33,92.19,,-0.40%
10/10/2013,92.36,93.58,94.04,92.33,,-0.75%
10/9/2013,93.06,93.17,94.32,92.93,,0.43%
10/8/2013,92.66,93.22,94.08,92.66,,-0.07%
10/7/2013,92.73,92.88,93.55,92.41,,0.55%
10/4/2013,92.23,92.81,93.77,92.18,,-0.10%
10/3/2013,92.31,93.8,93.99,92.26,,-1.06%
10/2/2013,93.3,93.91,94.08,93.28,,-0.14%
10/1/2013,93.43,93.33,94.46,92.88,,0.67%
9/30/2013,92.81,93.17,94.03,92.81,,0.13%
9/27/2013,92.69,92.99,93.49,92.07,,0.21%
9/26/2013,92.5,93.59,94,92.68,,-0.66%
9/25/2013,93.11,94.3,94.53,93.08,,-0.78%
9/24/2013,93.84,94.46,95.02,93.6,,-0.15%
9/23/2013,93.98,93.29,94.93,93.11,,0.98%
9/20/2013,93.07,93.29,95.01,93.14,,0.28%
9/19/2013,92.8,96.53,96.56,93.16,,-3.37%
9/18/2013,96.04,94.86,96.65,94.08,,1.76%
9/17/2013,94.37,93.69,95.25,93.36,,1.24%
9/16/2013,93.22,94.09,95.21,93.04,,-0.22%
9/13/2013,93.43,94.2,95.23,93.43,,-0.28%
9/12/2013,93.69,94.6,94.93,92.93,,-0.47%
9/11/2013,94.13,95.12,95.7,93.55,,-0.51%
9/10/2013,94.62,95.9,96.32,94.48,,-0.84%
9/9/2013,95.42,95.63,96.17,95.26,,0.49%
9/6/2013,94.95,96.36,97.2,94.91,,-0.95%
9/5/2013,95.86,98.44,98.61,95.84,,-2.09%
9/4/2013,97.9,98.97,100.12,97.06,,-0.99%
9/3/2013,98.88,94.82,99.08,94.75,,4.84%
9/2/2013,94.32,93.99,95.66,93.8,,1.33%
8/30/2013,93.08,94.32,96.73,93.44,,-0.82%
8/29/2013,93.85,93.99,96.21,93.9,,0.37%
8/28/2013,93.51,94.44,94.51,93.37,,-0.85%
8/27/2013,94.31,92.65,95.34,91.98,,2.34%
8/26/2013,92.16,91.34,93.6,91.03,,1.64%
8/23/2013,90.67,92.68,93.63,90.51,,-1.65%
8/22/2013,92.19,92.01,94.66,91.63,,0.68%
8/21/2013,91.57,91.82,93.63,90.99,,0.24%
8/20/2013,91.35,92.02,93.23,91.38,,-0.23%
8/19/2013,91.56,90.54,92.9,90.46,,1.62%
8/16/2013,90.1,89.85,91.28,89.6,,0.84%
8/15/2013,89.35,89.67,90.34,89.05,,0.19%
8/14/2013,89.18,89.25,90.21,88.9,,0.46%
8/13/2013,88.78,89.72,90.35,88.75,,-0.51%
8/12/2013,89.24,89.47,90.24,88.81,,0.22%
8/9/2013,89.04,88.69,89.78,88.51,,0.94%
8/8/2013,88.21,87.76,89.29,87.61,,1.05%
8/7/2013,87.29,87.38,88.38,86.81,,-0.09%
8/6/2013,87.37,86.99,89.16,86.66,,0.97%
8/5/2013,86.53,87,87.31,86.01,,-0.01%
8/2/2013,86.54,86.3,87.7,85.94,,0.83%
8/1/2013,85.83,86.84,87.64,86.07,,-0.59%
7/31/2013,86.34,87.7,88.7,86.4,,-1.03%
7/30/2013,87.24,87.52,88.3,86.16,,0.24%
7/29/2013,87.03,87.49,88.27,87.3,,0.04%
7/26/2013,87,86.95,87.97,86.69,,0.60%
7/25/2013,86.48,86.7,87.36,85.83,,0.28%
7/24/2013,86.23,88.91,89.12,86.38,,-2.49%
7/23/2013,88.43,88.39,89.01,88.03,,0.58%
7/22/2013,87.92,87.18,88.61,87.03,,1.51%
7/19/2013,86.61,87.55,88.26,87.05,,-0.49%
7/18/2013,87.04,87.71,88.03,87.06,,-0.18%
7/17/2013,87.2,87.82,88.25,87.03,,-0.16%
7/16/2013,87.34,87.2,87.99,86.38,,0.76%
7/15/2013,86.68,86.37,87.78,86.08,,1.07%
7/12/2013,85.77,87.74,88.5,85.69,,-1.71%
7/11/2013,87.26,87.55,88.99,87.08,,0.22%
7/10/2013,87.07,88.3,88.97,86.8,,-0.87%
7/9/2013,87.83,88.58,88.96,86.95,,-0.32%
7/8/2013,88.12,87.25,89.11,87.13,,1.42%
7/5/2013,86.88,88.03,89.16,87.18,,-0.72%
7/4/2013,87.51,87.55,88.44,86.97,,0.51%
7/3/2013,87.06,87.32,88.04,86.81,,0.28%
7/2/2013,86.82,87.98,88.19,86.65,,-0.79%
7/1/2013,87.51,86.82,88.13,86.27,,1.34%
6/28/2013,86.35,89.33,89.46,86.58,,-2.77%
6/27/2013,88.82,90.14,90.79,89.05,,-0.93%
6/26/2013,89.65,88.4,90.8,88.02,,1.98%
6/25/2013,87.91,88.33,88.93,87.61,,0.07%
6/24/2013,87.86,87.42,88.83,87.15,,1.07%
6/21/2013,86.92,87.67,88.57,86.93,,-0.31%
6/20/2013,87.2,87.3,89.01,86.8,,0.42%
6/19/2013,86.83,89.22,89.86,87.22,,-2.14%
6/18/2013,88.73,88.41,89.53,87.97,,0.94%
6/17/2013,87.91,87.81,89.42,87.76,,0.40%
6/14/2013,87.56,89.42,89.68,87.93,,-1.52%
6/13/2013,88.91,87.68,89.81,87.19,,1.98%
6/12/2013,87.19,88.07,88.83,87.37,,-0.43%
6/11/2013,87.57,88.06,89.06,86.99,,-0.53%
6/10/2013,88.03,86.14,88.27,85.75,,2.15%
6/7/2013,86.18,87.29,87.43,85.74,,-0.66%
6/6/2013,86.75,86.63,87.99,85.56,,0.78%
6/5/2013,86.08,87.15,87.44,86.15,,-0.65%
6/4/2013,86.65,88.76,88.78,86.76,,-1.83%
6/3/2013,88.26,87.12,88.96,86.54,,2.59%
5/31/2013,86.03,87.16,87.6,86.28,,-0.70%
5/30/2013,86.64,86.6,87.52,86.08,,0.63%
5/29/2013,86.1,86.1,87.23,85.28,,0.58%
5/28/2013,85.6,85.65,87.03,85.31,,0.53%
5/27/2013,85.15,85.95,86.25,85.36,,-0.26%
5/24/2013,85.37,86.7,86.89,85.46,,-1.02%
5/23/2013,86.25,86.07,87.01,85.41,,0.84%
5/22/2013,85.53,86.89,87.39,85.74,,-1.01%
5/21/2013,86.41,86.48,87.28,85.88,,0.51%
5/20/2013,85.97,85.48,86.72,85.4,,1.27%
5/17/2013,84.89,85.98,86.23,85.18,,-0.67%
5/16/2013,85.47,86.76,87.03,85.75,,-0.90%
5/15/2013,86.24,86.74,87.22,86.09,,0.01%
5/14/2013,86.23,87.15,87.77,86.28,,-0.47%
5/13/2013,86.64,87.72,88.27,86.91,,-0.83%
5/10/2013,87.36,87.63,88.41,87.07,,0.30%
5/9/2013,87.1,88.15,89.23,87.21,,-0.58%
5/8/2013,87.61,88.23,88.72,87.73,,-0.08%
5/7/2013,87.68,88.87,89.35,87.72,,-0.74%
5/6/2013,88.34,89.03,89.33,88.23,,-0.18%
5/3/2013,88.49,88.27,89.25,88.05,,0.91%
5/2/2013,87.7,88.48,88.76,87.69,,-0.29%
5/1/2013,87.95,89.29,89.4,88.36,,-0.90%
4/30/2013,88.75,89.81,90.27,88.7,,-0.57%
4/29/2013,89.25,89.41,90.1,89.2,,0.38%
4/26/2013,88.92,89.29,89.95,88.99,,0.19%
4/25/2013,88.74,89.46,89.96,88.96,,-0.17%
4/24/2013,88.9,89.29,89.61,89.03,,0.16%
4/23/2013,88.76,89.01,89.56,88.41,,0.35%
4/22/2013,88.46,88.72,89.48,88.5,,0.29%
4/19/2013,88.2,88.98,89.45,88.7,,-0.22%
4/18/2013,88.4,89.45,89.73,88.62,,-0.43%
4/17/2013,88.78,90,90.21,88.87,,-0.79%
4/16/2013,89.49,90.1,90.7,89.44,,-0.10%
4/15/2013,89.58,91.62,91.92,89.94,,-1.67%
4/12/2013,91.1,91.94,92.37,91.36,,-0.27%
4/11/2013,91.35,91.97,92.33,91.6,,-0.06%
4/10/2013,91.4,91.63,92.24,91.21,,0.34%
4/9/2013,91.1,90.91,91.91,90.49,,0.81%
4/8/2013,90.36,90.92,91.3,90.3,,-0.11%
4/5/2013,90.46,91.58,91.89,90.74,,-0.62%
4/4/2013,91.03,91.09,91.94,90.84,,0.55%
4/3/2013,90.53,90.74,91.67,90.53,,0.37%
4/2/2013,90.2,90.6,91.22,90.36,,0.21%
4/1/2013,90,90.47,90.79,90.07,,0.05%
3/29/2013,89.96,89.84,90.59,90.13,,0.04%
3/28/2013,89.92,90.31,91.16,90.08,,-0.41%
3/27/2013,90.3,90.62,91.22,90.61,,-0.36%
3/26/2013,90.62,90.14,91.54,90.38,,0.54%
3/25/2013,90.14,90.24,91.19,90.09,,-0.12%
3/22/2013,90.24,90.09,91.2,90.23,,0.17%
3/21/2013,90.09,89.75,91.04,89.63,,0.41%
3/20/2013,89.72,89.61,90.85,89.81,,0.05%
3/19/2013,89.68,89.58,90.68,89.28,,0.06%
3/18/2013,89.63,88.93,90.41,89.35,,0.19%
3/15/2013,89.45,89.78,90.44,89.25,,-0.30%
3/14/2013,89.72,88.94,90.74,89.27,,0.90%
3/13/2013,88.92,88.95,89.96,88.85,,-0.01%
3/12/2013,88.93,88.93,89.87,88.9,,-0.04%
3/11/2013,88.97,88.17,89.63,88.33,,0.71%
3/8/2013,88.34,89.12,89.84,88.64,,-0.83%
3/7/2013,89.07,89.1,90.22,89.17,,-0.04%
3/6/2013,89.11,89.6,90.62,89.44,,-0.46%
3/5/2013,89.52,89,90.29,89.11,,0.68%
3/4/2013,88.91,89.11,89.92,88.61,,-0.17%
3/1/2013,89.06,88.32,90,88.63,,0.81%
2/28/2013,88.35,87.67,89.72,87.78,,0.79%
2/27/2013,87.66,88.04,88.78,87.19,,-0.41%
2/26/2013,88.02,88.44,89.32,88.05,,-0.63%
2/25/2013,88.58,88.82,89.55,88.34,,-0.49%
2/22/2013,89.01,88.81,90.18,89.04,,0.32%
2/21/2013,88.72,88.22,89.81,88.48,,0.68%
2/20/2013,88.13,89.24,90.03,88.55,,-1.23%
2/19/2013,89.22,88.83,89.9,89.3,,0.58%
2/18/2013,88.71,88.78,89.83,88.94,,-0.20%
2/15/2013,88.88,88.85,90.1,89.02,,0.05%
2/14/2013,88.84,88.69,89.71,88.74,,0.31%
2/13/2013,88.57,88.25,89.57,88.57,,0.35%
2/12/2013,88.26,87.81,89.06,87.98,,0.28%
2/11/2013,88.01,87.71,88.89,88.01,,0.22%
2/8/2013,87.82,87.02,88.93,87.33,,0.87%
2/7/2013,87.06,87.26,88.43,87.24,,-0.25%
2/6/2013,87.27,87.76,88.44,87.32,,-0.65%
2/5/2013,87.84,88.47,89.56,87.9,,-0.69%
2/4/2013,88.45,88.15,89.31,87.94,,0.55%
2/1/2013,87.97,88.28,89.19,87.96,,-0.37%
1/31/2013,88.29,88.32,89.21,87.9,,0.02%
1/30/2013,88.27,89.51,90.22,88.52,,-1.38%
1/29/2013,89.51,89.33,90.4,89.2,,0.24%
1/28/2013,89.3,88.91,90.25,89.2,,0.33%
1/25/2013,89.01,89.28,89.93,89.33,,-0.33%
1/24/2013,89.31,90.13,91,89.68,,-0.86%
1/23/2013,90.08,90.44,91.28,90.16,,-0.42%
1/22/2013,90.46,89.95,91.46,89.62,,0.61%
1/21/2013,89.92,89.8,91.1,89.95,,0.18%
1/18/2013,89.75,91.2,91.88,89.92,,-1.59%
1/17/2013,91.21,91.96,92.57,90.97,,-0.82%
1/16/2013,91.96,91.76,93.03,92.03,,0.21%
1/15/2013,91.76,91.6,92.69,91.41,,0.20%
1/14/2013,91.58,91.92,92.87,91.75,,-0.23%
1/11/2013,91.79,91.91,93.07,91.79,,-0.16%
1/10/2013,91.94,91.58,92.74,91.79,,0.39%
1/9/2013,91.59,91.84,92.81,91.66,,-0.31%
1/8/2013,91.87,92.26,93.23,92.02,,-0.42%
1/7/2013,92.26,91.82,93.23,91.77,,0.47%
1/4/2013,91.83,90.77,92.44,90.89,,1.23%
1/3/2013,90.71,90.78,92.08,90.88,,-0.02%
1/2/2013,90.72,90.43,91.85,90.62,,0.43%
1/1/2013,90.34,90.91,91.99,90.71,,-0.64%
12/31/2012,90.92,90.32,91.7,90.46,,0.69%
12/28/2012,90.3,90.66,91.61,90.58,,-0.43%
12/27/2012,90.69,90.5,91.64,90.49,,0.19%
12/26/2012,90.51,90.65,91.66,90.57,,-0.15%
12/25/2012,90.65,91.11,91.71,90.84,,-0.51%
12/24/2012,91.11,91.09,92.2,90.98,,-0.05%
12/21/2012,91.16,91.48,92.69,91.46,,-0.34%
12/20/2012,91.47,90.94,92.43,91.17,,0.51%
12/19/2012,91.01,91.92,92.73,91.31,,-0.96%
12/18/2012,91.89,92.1,93.16,92.03,,-0.16%
12/17/2012,92.03,91.42,92.87,91.48,,0.58%
12/14/2012,91.51,91.22,92.48,91.23,,0.36%
12/13/2012,91.18,91.22,92.33,91.05,,0.07%
12/12/2012,91.12,90.87,92.12,90.97,,0.28%
12/11/2012,90.86,90.93,91.62,90.67,,-0.06%
12/10/2012,90.92,90.88,91.81,90.67,,0.05%
12/7/2012,90.87,90.25,91.69,90.43,,0.69%
12/6/2012,90.25,90.74,91.69,90.38,,-0.54%
12/5/2012,90.74,91.03,91.92,90.92,,-0.36%
12/4/2012,91.06,90.8,92.26,90.97,,0.31%
12/3/2012,90.78,90.01,91.73,90.03,,0.79%
11/30/2012,90.07,91.02,91.71,90.15,,-1.04%
11/29/2012,91.02,92.43,93.38,91.29,,-1.49%
11/28/2012,92.39,92.15,93.02,92.51,,0.27%
11/27/2012,92.15,92.75,93.84,92.47,,-0.68%
11/26/2012,92.78,92.42,93.72,92.44,,0.44%
11/23/2012,92.37,91.26,93.07,91.45,,1.27%
11/22/2012,91.21,90.88,92.12,91.14,,0.40%
11/21/2012,90.85,91.04,92.13,90.96,,-0.20%
11/20/2012,91.04,91.21,92.08,91.05,,-0.17%
11/19/2012,91.19,90.86,91.98,90.83,,0.45%
11/16/2012,90.78,89.9,91.53,90.28,,0.99%
11/15/2012,89.89,90.57,91.81,90.04,,-0.73%
11/14/2012,90.55,91.13,91.88,91.02,,-0.57%
11/13/2012,91.07,91.03,91.76,91.28,,0.03%
11/12/2012,91.04,90.57,92.24,90.73,,0.62%
11/9/2012,90.48,90,91.45,90.1,,0.61%
11/8/2012,89.93,89.77,91.35,90.07,,0.19%
11/7/2012,89.76,90.34,91.22,89.97,,-0.64%
11/6/2012,90.34,90.03,91.65,90.35,,0.37%
11/5/2012,90.01,88.47,90.81,88.95,,1.77%
11/2/2012,88.44,88.39,89.76,88.44,,0.07%
11/1/2012,88.38,88.79,89.8,88.44,,-0.41%
10/31/2012,88.75,88.97,90.3,88.99,,-0.24%
10/30/2012,88.96,88.85,90.15,88.8,,0.09%
10/29/2012,88.88,88.28,89.86,88.59,,0.58%
10/26/2012,88.37,88.21,89.05,88.05,,0.25%
10/25/2012,88.15,88.45,89.51,88.4,,-0.33%
10/24/2012,88.44,87.72,89.17,88.17,,0.82%
10/23/2012,87.72,87.84,88.86,87.76,,-0.08%
10/22/2012,87.79,88.37,89.25,87.92,,-0.77%
10/19/2012,88.47,88.11,89.77,88.4,,0.51%
10/18/2012,88.02,87.25,89.12,87.54,,0.82%
10/17/2012,87.3,86.61,87.93,86.62,,1.02%
10/16/2012,86.42,86.41,87.42,86.38,,0.02%
10/15/2012,86.4,86.09,87.25,86.16,,0.53%
10/12/2012,85.95,85.96,87.25,86.08,,-0.01%
10/11/2012,85.96,86.25,87.74,86.22,,-0.34%
10/10/2012,86.25,85.6,87.46,85.88,,0.80%
10/9/2012,85.57,85.34,86.74,85.26,,0.31%
10/8/2012,85.3,83.82,86.2,84.13,,1.57%
10/5/2012,83.99,84.33,85.61,84.04,,-0.35%
10/4/2012,84.28,84.75,85.57,84.18,,-0.50%
10/3/2012,84.71,85.5,86.32,84.91,,-0.97%
10/2/2012,85.54,86.33,87.02,85.95,,-0.95%
10/1/2012,86.36,87.11,87.95,86.55,,-0.99%
9/28/2012,87.22,88.06,88.88,87.42,,-0.93%
9/27/2012,88.04,88.28,89.32,87.99,,-0.21%
9/26/2012,88.23,88.11,89.15,88.22,,0.06%
9/25/2012,88.17,88.67,89.81,88.52,,-0.59%
9/24/2012,88.7,88.82,89.63,88.1,,-0.24%
9/21/2012,88.92,90.21,91.24,89.13,,-1.42%
9/20/2012,90.2,89.98,91.11,89.79,,0.35%
9/19/2012,89.88,89.98,90.6,90.44,,0.07%
9/18/2012,89.82,89.97,91.28,89.73,,-0.13%
9/17/2012,89.94,91.18,91.76,90.05,,-1.30%
9/14/2012,91.12,92.97,93.88,91.55,,-2.01%
9/13/2012,92.99,91.92,93.72,92.23,,1.19%
9/12/2012,91.9,91.83,93.1,92.07,,0.11%
9/11/2012,91.8,91.14,92.66,91.33,,0.74%
9/10/2012,91.13,91.3,92.21,91.37,,-0.34%
9/7/2012,91.44,91.05,92.23,91.25,,0.42%
9/6/2012,91.07,90.67,92.03,90.76,,0.43%
9/5/2012,90.68,90.53,91.58,90.61,,0.23%
9/4/2012,90.47,90.49,91.67,90.5,,-0.06%
9/3/2012,90.52,90.92,91.62,90.66,,-0.68%
8/31/2012,91.14,91.1,92.3,91.27,,0.09%
8/30/2012,91.06,91.59,92.39,91.4,,-0.59%
8/29/2012,91.6,91.76,92.79,91.84,,-0.23%
8/28/2012,91.81,91.81,92.88,92.01,,0.02%
8/27/2012,91.79,92.04,93.02,91.91,,-0.06%
8/24/2012,91.84,91.8,92.88,91.89,,0.07%
8/23/2012,91.78,92.77,93.66,92.16,,-1.04%
8/22/2012,92.74,92.35,93.42,92.02,,0.43%
8/21/2012,92.35,92.62,93.79,92.35,,-0.31%
8/20/2012,92.64,92.47,93.38,92.89,,0.25%
8/17/2012,92.4,93.23,94.09,92.58,,-0.83%
8/16/2012,93.17,92.95,94.31,93.16,,0.19%
8/15/2012,93,92.84,93.65,93.08,,0.15%
8/14/2012,92.85,92.58,94.29,92.96,,0.28%
8/13/2012,92.59,92.78,94.02,92.84,,-0.41%
8/10/2012,92.97,92.98,93.8,92.67,,-0.05%
8/9/2012,93.02,93.22,94.14,93,,-0.20%
8/8/2012,93.21,93.01,94.02,92.47,,0.23%
8/7/2012,92.99,93.3,94.27,92.82,,-0.33%
8/6/2012,93.3,93.8,94.43,93.07,,-0.49%
8/3/2012,93.76,92.95,94.54,93.3,,0.86%
8/2/2012,92.95,92.3,94.55,92.61,,0.71%
8/1/2012,92.3,92.44,93.92,92.64,,-0.18%
7/31/2012,92.47,92.51,94.24,92.85,,-0.06%
7/30/2012,92.53,92.26,93.7,92.18,,0.26%
7/27/2012,92.28,91.81,93,91.95,,0.47%
7/26/2012,91.85,90.84,92.92,91.19,,1.13%
7/25/2012,90.83,90.1,91.63,90.17,,0.81%
7/24/2012,90.09,90.76,91.76,90.51,,-0.75%
7/23/2012,90.77,91.12,92.1,91.13,,-0.62%
7/20/2012,91.34,91.86,92.59,91.42,,-0.59%
7/19/2012,91.88,91.33,92.64,91.55,,0.61%
7/18/2012,91.33,90.78,91.99,90.39,,0.48%
7/17/2012,90.89,90.25,91.48,90.06,,0.66%
7/16/2012,90.29,90.38,90.98,89.3,,0.10%
7/13/2012,90.2,89.29,90.87,89.41,,1.02%
7/12/2012,89.28,90.32,91.16,89.37,,-1.17%
7/11/2012,90.34,90.31,91.62,90.07,,0.06%
7/10/2012,90.29,87.38,91.21,87.48,,3.29%
7/9/2012,87.41,87.26,87.98,87.43,,0.01%
7/6/2012,87.4,88.09,88.63,87.65,,-0.79%
7/5/2012,88.09,87.98,88.97,88.2,,0.17%
7/4/2012,87.95,88.02,88.88,88.35,,-0.08%
7/3/2012,88.02,87.76,88.82,88.09,,0.30%
7/2/2012,87.75,87.81,88.54,87.94,,0.15%
6/29/2012,87.63,85.97,88.38,86.28,,1.93%
6/28/2012,85.96,86.34,87.24,86.08,,-0.38%
6/27/2012,86.29,86.15,86.92,86.46,,0.17%
6/26/2012,86.14,85.69,86.88,86.12,,0.56%
6/25/2012,85.66,86.05,86.59,85.85,,-0.54%
6/22/2012,86.13,86.05,86.81,86.18,,0.25%
6/21/2012,85.92,87.2,87.9,86.35,,-1.45%
6/20/2012,87.19,87.24,88.07,87.26,,0.01%
6/19/2012,87.18,86.63,87.87,87,,0.60%
6/18/2012,86.66,86.66,87.36,86.58,,0.40%
6/15/2012,86.32,85.81,86.93,86.07,,0.59%
6/14/2012,85.81,85.81,85.81,85.81,,0.91%
6/13/2012,85.04,85.04,85.04,85.04,,-0.32%
6/12/2012,85.31,85.31,85.31,85.31,,0.90%
6/11/2012,84.55,84.55,84.55,84.55,,-0.49%
6/8/2012,84.97,84.97,84.97,84.97,,0.18%
6/7/2012,84.81,84.81,84.81,84.81,,-0.30%
6/6/2012,85.07,85.07,85.07,85.07,,1.89%
6/5/2012,83.49,83.49,83.49,83.49,,0.13%
6/4/2012,83.38,83.38,83.38,83.38,,-0.14%
6/1/2012,83.5,83.5,83.5,83.5,,-0.18%
5/31/2012,83.65,83.65,83.65,83.65,,0.20%
5/30/2012,83.49,83.49,83.49,83.49,,-1.39%
5/29/2012,84.67,84.67,84.67,84.67,,0.09%
5/28/2012,84.59,84.59,84.59,84.59,,1.00%
5/25/2012,83.76,83.76,83.76,83.76,,-0.98%
5/24/2012,84.58,84.58,84.58,84.58,,0.15%
5/23/2012,84.45,84.45,84.45,84.45,,-0.89%
5/22/2012,85.22,85.22,85.22,85.22,,0.70%
5/21/2012,84.63,84.63,84.63,84.63,,-0.04%
5/18/2012,84.66,84.66,84.66,84.66,,-1.22%
5/17/2012,85.71,85.71,85.71,85.71,,0.41%
5/16/2012,85.35,85.35,85.35,85.35,,0.78%
5/15/2012,84.69,84.69,84.69,84.69,,-0.94%
5/14/2012,85.5,85.5,85.5,85.5,,0.04%
5/11/2012,85.46,85.46,85.46,85.46,,-0.17%
5/10/2012,85.61,85.61,85.61,85.61,,-0.39%
5/9/2012,85.94,85.94,85.94,85.94,,0.54%
5/8/2012,85.47,85.47,85.47,85.47,,0.22%
5/7/2012,85.28,85.28,85.28,85.28,,-1.52%
5/4/2012,86.6,86.6,86.6,86.6,,-0.69%
5/3/2012,87.2,87.2,87.2,87.2,,0.16%
5/2/2012,87.06,87.06,87.06,87.06,,1.07%
5/1/2012,86.14,86.14,86.14,86.14,,-0.87%
4/30/2012,86.9,86.9,86.9,86.9,,-0.67%
4/27/2012,87.48,87.48,87.48,87.48,,2.03%
4/26/2012,85.74,85.74,85.74,85.74,,-1.09%
4/25/2012,86.69,86.69,86.69,86.69,,0.99%
4/24/2012,85.83,85.83,85.83,85.83,,-0.35%
4/23/2012,86.13,86.13,86.13,86.13,,0.22%
4/20/2012,85.94,85.94,85.94,85.94,,0.29%
4/19/2012,85.69,85.69,85.69,85.69,,1.63%
4/18/2012,84.32,84.32,84.32,84.32,,-0.25%
4/17/2012,84.53,84.53,84.53,84.53,,-0.63%
4/16/2012,85.06,85.06,85.06,85.06,,-0.02%
4/13/2012,85.08,85.08,85.08,85.08,,-0.63%
4/12/2012,85.62,85.62,85.62,85.62,,1.63%
4/11/2012,84.25,84.25,84.25,84.25,,0.40%
4/10/2012,83.92,83.92,83.92,83.92,,0.78%
4/9/2012,83.27,83.27,83.27,83.27,,0.24%
4/6/2012,83.07,83.07,83.07,83.07,,0.02%
4/5/2012,83.06,83.06,83.06,83.06,,0.41%
4/4/2012,82.72,82.72,82.72,82.72,,0.58%
4/3/2012,82.24,82.24,82.24,82.24,,-2.33%
4/2/2012,84.2,84.2,84.2,84.2,,0.65%
3/30/2012,83.66,83.66,83.66,83.66,,0.10%
3/29/2012,83.58,83.58,83.58,83.58,,-0.38%
3/28/2012,83.9,83.9,83.9,83.9,,-0.41%
3/27/2012,84.24,84.24,84.24,84.24,,-0.82%
3/26/2012,84.93,84.93,84.93,84.93,,-0.20%
3/23/2012,85.11,85.11,85.11,85.11,,0.67%
3/22/2012,84.54,84.54,84.54,84.54,,0.38%
3/21/2012,84.22,84.22,84.22,84.22,,0.94%
3/20/2012,83.44,83.44,83.44,83.44,,-1.55%
3/19/2012,84.75,84.75,84.75,84.75,,0.34%
3/16/2012,84.47,84.47,84.47,84.47,,0.17%
3/15/2012,84.33,84.33,84.33,84.33,,1.65%
3/14/2012,82.96,82.96,82.96,82.96,,-0.92%
3/13/2012,83.73,83.73,83.73,83.73,,0.27%
3/12/2012,83.5,83.5,83.5,83.5,,0.23%
3/9/2012,83.31,83.31,83.31,83.31,,-1.06%
3/8/2012,84.21,84.21,84.21,84.21,,-0.47%
3/7/2012,84.6,84.6,84.6,84.6,,0.16%
3/6/2012,84.47,84.47,84.47,84.47,,-0.08%
3/5/2012,84.54,84.54,84.54,84.54,,0.06%
3/2/2012,84.49,84.49,84.49,84.49,,0.78%
3/1/2012,83.83,83.83,83.83,83.83,,0.27%
2/29/2012,83.6,83.6,83.6,83.6,,-0.57%
2/28/2012,84.08,84.08,84.08,84.08,,-0.09%
2/27/2012,84.16,84.16,84.16,84.16,,1.13%
2/24/2012,83.22,83.22,83.22,83.22,,0.16%
2/23/2012,83.08,83.08,83.08,83.08,,0.64%
2/22/2012,82.56,82.56,82.56,82.56,,-0.25%
2/21/2012,82.77,82.77,82.77,82.77,,-1.60%
2/20/2012,84.12,84.12,84.12,84.12,,0.26%
2/17/2012,83.89,83.89,83.89,83.89,,0.16%
2/16/2012,83.76,83.76,83.76,83.76,,-0.10%
2/15/2012,83.84,83.84,83.84,83.84,,0.03%
2/14/2012,83.81,83.81,83.81,83.81,,-0.19%
2/13/2012,83.97,83.97,83.97,83.97,,0.82%
2/10/2012,83.29,83.29,83.29,83.29,,-1.16%
2/9/2012,84.26,84.26,84.26,84.26,,-1.31%
2/8/2012,85.38,85.38,85.38,85.38,,1.02%
2/7/2012,84.52,84.52,84.52,84.52,,1.01%
2/6/2012,83.67,83.67,83.67,83.67,,1.00%
2/3/2012,82.84,82.84,82.84,82.84,,-0.10%
2/2/2012,82.92,82.92,82.92,82.92,,-0.04%
2/1/2012,82.96,82.96,82.96,82.96,,-0.57%
1/31/2012,83.44,83.44,83.44,83.44,,1.19%
1/30/2012,82.46,82.46,82.46,82.46,,-1.24%
1/27/2012,83.49,83.49,83.49,83.49,,-0.11%
1/26/2012,83.58,83.58,83.58,83.58,,-0.31%
1/25/2012,83.84,83.84,83.84,83.84,,1.15%
1/24/2012,82.89,82.89,82.89,82.89,,-0.52%
1/23/2012,83.33,83.33,83.33,83.33,,-0.68%
1/20/2012,83.9,83.9,83.9,83.9,,1.82%
1/19/2012,82.4,82.4,82.4,82.4,,-1.30%
1/18/2012,83.48,83.48,83.48,83.48,,0.38%
1/17/2012,83.16,83.16,83.16,83.16,,-1.22%
1/16/2012,84.19,84.19,84.19,84.19,,0.66%
1/13/2012,83.63,83.63,83.63,83.63,,-0.27%
1/12/2012,83.86,83.86,83.86,83.86,,0.28%
1/11/2012,83.63,83.63,83.63,83.63,,0.00%
1/10/2012,83.63,83.63,83.63,83.63,,-1.41%
1/9/2012,84.83,84.83,84.83,84.83,,0.09%
1/6/2012,84.75,84.75,84.75,84.75,,-1.32%
1/5/2012,85.88,85.88,85.88,85.88,,-1.26%
1/4/2012,86.97,86.97,86.97,86.97,,-0.05%
1/3/2012,87.02,87.02,87.02,87.02,,0.39%
1/2/2012,86.68,86.68,86.68,86.68,,0.36%
12/30/2011,86.37,86.37,86.37,86.37,,0.92%
12/29/2011,85.58,85.58,85.58,85.58,,0.69%
12/28/2011,84.99,84.99,84.99,84.99,,0.11%
12/27/2011,84.9,84.9,84.9,84.9,,-0.40%
12/26/2011,85.24,85.24,85.24,85.24,,1.20%
12/23/2011,84.23,84.23,84.23,84.23,,-0.82%
12/22/2011,84.93,84.93,84.93,84.93,,0.65%
12/21/2011,84.37,84.37,84.37,84.37,,-0.43%
12/20/2011,84.74,84.74,84.74,84.74,,2.50%
12/19/2011,82.68,82.68,82.68,82.68,,-0.82%
12/16/2011,83.36,83.36,83.36,83.36,,-1.46%
12/15/2011,84.6,84.6,84.6,84.6,,4.86%
12/14/2011,80.68,80.68,80.68,80.68,,-0.97%
12/13/2011,81.47,81.47,81.47,81.47,,-0.64%
12/12/2011,81.99,81.99,81.99,81.99,,-1.17%
12/9/2011,82.96,82.96,82.96,82.96,,-0.85%
12/8/2011,83.67,83.67,83.67,83.67,,-0.10%
12/7/2011,83.75,83.75,83.75,83.75,,0.75%
12/6/2011,83.13,83.13,83.13,83.13,,-0.59%
12/5/2011,83.62,83.62,83.62,83.62,,0.56%
12/2/2011,83.15,83.15,83.15,83.15,,-0.65%
12/1/2011,83.7,83.7,83.7,83.7,,-0.81%
11/30/2011,84.38,84.38,84.38,84.38,,2.03%
11/29/2011,82.7,82.7,82.7,82.7,,1.81%
11/28/2011,81.23,81.23,81.23,81.23,,1.32%
11/25/2011,80.17,80.17,80.17,80.17,,-0.44%
11/24/2011,80.53,80.53,80.53,80.53,,0.37%
11/23/2011,80.23,80.23,80.23,80.23,,-1.57%
11/22/2011,81.51,81.51,81.51,81.51,,-0.29%
11/21/2011,81.75,81.75,81.75,81.75,,0.14%
11/18/2011,81.63,81.63,81.63,81.63,,0.95%
11/17/2011,80.86,80.86,80.86,80.86,,0.21%
11/16/2011,80.7,80.7,80.7,80.7,,-1.58%
11/15/2011,81.99,81.99,81.99,81.99,,1.78%
11/14/2011,80.56,80.56,80.56,80.56,,-1.63%
11/11/2011,81.89,81.89,81.89,81.89,,1.14%
11/10/2011,80.97,80.97,80.97,80.97,,0.96%
11/9/2011,80.2,80.2,80.2,80.2,,-0.61%
11/8/2011,80.69,80.69,80.69,80.69,,0.23%
11/7/2011,80.5,80.5,80.5,80.5,,-0.60%
11/4/2011,80.98,80.98,80.98,80.98,,-0.05%
11/3/2011,81.02,81.02,81.02,81.02,,0.25%
11/2/2011,80.82,80.82,80.82,80.82,,-0.18%
11/1/2011,80.97,80.97,80.97,80.97,,-0.71%
10/31/2011,81.55,81.55,81.55,81.55,,-2.73%
10/28/2011,83.84,83.84,83.84,83.84,,-0.60%
10/27/2011,84.35,84.35,84.35,84.35,,3.18%
10/26/2011,81.75,81.75,81.75,81.75,,-0.26%
10/25/2011,81.96,81.96,81.96,81.96,,-0.43%
10/24/2011,82.32,82.32,82.32,82.32,,-0.18%
10/21/2011,82.47,82.47,82.47,82.47,,1.80%
10/20/2011,81.01,81.01,81.01,81.01,,1.35%
10/19/2011,79.93,79.93,79.93,79.93,,-0.57%
10/18/2011,80.39,80.39,80.39,80.39,,1.74%
10/17/2011,79.02,79.02,79.02,79.02,,-1.94%
10/14/2011,80.58,80.58,80.58,80.58,,4.62%
10/13/2011,77.03,77.03,77.03,77.03,,-2.49%
10/12/2011,79,79,79,79,,1.15%
10/11/2011,78.1,78.1,78.1,78.1,,0.45%
10/10/2011,77.74,77.74,77.74,77.74,,1.83%
10/7/2011,76.34,76.34,76.34,76.34,,-0.11%
10/6/2011,76.43,76.43,76.43,76.43,,0.88%
10/5/2011,75.76,75.76,75.76,75.76,,0.75%
10/4/2011,75.2,75.2,75.2,75.2,,1.10%
10/3/2011,74.38,74.38,74.38,74.38,,1.82%
9/30/2011,73.04,73.04,73.04,73.04,,-1.22%
9/29/2011,73.95,73.95,73.95,73.95,,-2.41%
9/28/2011,75.77,75.77,75.77,75.77,,-1.92%
9/27/2011,77.25,77.25,77.25,77.25,,-0.19%
9/26/2011,77.4,77.4,77.4,77.4,,0.72%
9/23/2011,76.85,76.85,76.85,76.85,,0.25%
9/22/2011,76.65,76.65,76.65,76.65,,-0.59%
9/21/2011,77.11,77.11,77.11,77.11,,3.41%
9/20/2011,74.57,74.57,74.57,74.57,,-3.89%
9/19/2011,77.58,77.58,77.58,77.58,,3.13%
9/16/2011,75.23,75.23,75.23,75.23,,-3.67%
9/15/2011,78.09,78.09,78.09,78.09,,0.47%
9/14/2011,77.73,77.73,77.73,77.73,,-0.40%
9/13/2011,78.04,78.04,78.04,78.04,,0.44%
9/12/2011,77.7,77.7,77.7,77.7,,2.20%
9/9/2011,76.03,76.03,76.03,76.03,,-0.97%
9/8/2011,76.77,76.77,76.77,76.77,,-0.82%
9/7/2011,77.41,77.41,77.41,77.41,,1.55%
9/6/2011,76.23,76.23,76.23,76.23,,-1.07%
9/5/2011,77.05,77.05,77.05,77.05,,-0.47%
9/2/2011,77.42,77.42,77.42,77.42,,-0.21%
9/1/2011,77.58,77.58,77.58,77.58,,0.18%
8/31/2011,77.44,77.44,77.44,77.44,,0.16%
8/30/2011,77.32,77.32,77.32,77.32,,-0.86%
8/29/2011,77.99,77.99,77.99,77.99,,0.61%
8/26/2011,77.52,77.52,77.52,77.52,,1.53%
8/25/2011,76.35,76.35,76.35,76.35,,0.36%
8/24/2011,76.07,76.07,76.07,76.07,,-0.30%
8/23/2011,76.3,76.3,76.3,76.3,,1.13%
8/22/2011,75.44,75.44,75.44,75.44,,-0.20%
8/19/2011,75.59,75.59,75.59,75.59,,0.14%
8/18/2011,75.49,75.49,75.49,75.49,,-0.74%
8/17/2011,76.05,76.05,76.05,76.05,,0.73%
8/16/2011,75.5,75.5,75.5,75.5,,3.21%
8/15/2011,73.15,73.15,73.15,73.15,,-1.94%
8/12/2011,74.6,74.6,74.6,74.6,,-0.09%
8/11/2011,74.67,74.67,74.67,74.67,,2.00%
8/10/2011,73.2,73.2,73.2,73.2,,-1.69%
8/9/2011,74.47,74.47,74.47,74.47,,2.14%
8/8/2011,72.91,72.91,72.91,72.91,,-1.74%
8/5/2011,74.2,74.2,74.2,74.2,,0.17%
8/4/2011,74.07,74.07,74.07,74.07,,-1.16%
8/3/2011,74.94,74.94,74.94,74.94,,-0.09%
8/2/2011,75.01,75.01,75.01,75.01,,-1.79%
8/1/2011,76.37,76.37,76.37,76.37,,-1.00%
7/29/2011,77.15,77.15,77.15,77.15,,0.12%
7/28/2011,77.05,77.05,77.05,77.05,,-0.18%
7/27/2011,77.19,77.19,77.19,77.19,,0.46%
7/26/2011,76.84,76.84,76.84,76.84,,0.48%
7/25/2011,76.47,76.47,76.47,76.47,,-0.58%
7/22/2011,76.92,76.92,76.92,76.92,,0.36%
7/21/2011,76.64,76.64,76.64,76.64,,0.99%
7/20/2011,75.89,75.89,75.89,75.89,,-0.63%
7/19/2011,76.37,76.37,76.37,76.37,,0.98%
7/18/2011,75.63,75.63,75.63,75.63,,0.49%
7/15/2011,75.26,75.26,75.26,75.26,,-1.39%
7/14/2011,76.32,76.32,76.32,76.32,,-0.43%
7/13/2011,76.65,76.65,76.65,76.65,,1.10%
7/12/2011,75.82,75.82,75.82,75.82,,0.69%
7/11/2011,75.3,75.3,75.3,75.3,,-0.58%
7/8/2011,75.73,75.73,75.73,75.73,,-0.44%
7/7/2011,76.07,76.07,76.07,76.07,,0.64%
7/6/2011,75.58,75.58,75.58,75.58,,0.16%
7/5/2011,75.46,75.46,75.46,75.46,,-0.39%
7/4/2011,75.76,75.76,75.76,75.76,,-0.71%
7/1/2011,76.3,76.3,76.3,76.3,,0.25%
6/30/2011,76.11,76.11,76.11,76.11,,0.00%
6/29/2011,76.11,76.11,76.11,76.11,,0.93%
6/28/2011,75.41,75.41,75.41,75.41,,0.90%
6/27/2011,74.73,74.73,74.73,74.73,,-0.37%
6/24/2011,75.01,75.01,75.01,75.01,,-0.27%
6/23/2011,75.22,75.22,75.22,75.22,,-0.27%
6/22/2011,75.42,75.42,75.42,75.42,,-0.04%
6/21/2011,75.45,75.45,75.45,75.45,,-0.26%
6/20/2011,75.65,75.65,75.65,75.65,,-0.14%
6/17/2011,75.75,75.75,75.75,75.75,,0.58%
6/16/2011,75.32,75.32,75.32,75.32,,-0.45%
6/15/2011,75.66,75.66,75.66,75.66,,-1.02%
6/14/2011,76.44,76.44,76.44,76.44,,1.14%
6/13/2011,75.57,75.57,75.57,75.57,,0.33%
6/10/2011,75.33,75.33,75.33,75.33,,-0.29%
6/9/2011,75.54,75.54,75.54,75.54,,0.16%
6/8/2011,75.42,75.42,75.42,75.42,,-0.80%
6/7/2011,76.03,76.03,76.03,76.03,,-0.19%
6/6/2011,76.17,76.17,76.17,76.17,,-0.82%
6/3/2011,76.81,76.81,76.81,76.81,,0.37%
6/2/2011,76.52,76.52,76.52,76.52,,1.32%
6/1/2011,75.53,75.53,75.53,75.53,,-1.12%
5/31/2011,76.38,76.38,76.38,76.38,,-0.93%
5/30/2011,77.1,77.1,77.1,77.1,,-0.25%
5/27/2011,77.29,77.29,77.29,77.29,,0.94%
5/26/2011,76.57,76.57,76.57,76.57,,0.98%
5/25/2011,75.82,75.82,75.82,75.82,,-0.01%
5/24/2011,75.83,75.83,75.83,75.83,,-0.24%
5/23/2011,76.01,76.01,76.01,76.01,,-0.86%
5/20/2011,76.67,76.67,76.67,76.67,,0.51%
5/19/2011,76.28,76.28,76.28,76.28,,0.27%
5/18/2011,76.07,76.07,76.07,76.07,,-0.13%
5/17/2011,76.18,76.18,76.18,76.18,,0.53%
5/16/2011,75.78,75.78,75.78,75.78,,-0.10%
5/13/2011,75.85,75.85,75.85,75.85,,-0.59%
5/12/2011,76.3,76.3,76.3,76.3,,-0.16%
5/11/2011,76.42,76.42,76.42,76.42,,-1.46%
5/10/2011,77.56,77.56,77.56,77.56,,0.40%
5/9/2011,77.25,77.25,77.25,77.25,,0.87%
5/6/2011,76.58,76.58,76.58,76.58,,1.06%
5/5/2011,75.77,75.77,75.77,75.77,,-0.17%
5/4/2011,75.9,75.9,75.9,75.9,,-1.03%
5/3/2011,76.69,76.69,76.69,76.69,,-0.47%
5/2/2011,77.05,77.05,77.05,77.05,,-0.67%
4/29/2011,77.57,77.57,77.57,77.57,,-0.13%
4/28/2011,77.67,77.67,77.67,77.67,,0.50%
4/27/2011,77.28,77.28,77.28,77.28,,0.71%
4/26/2011,76.74,76.74,76.74,76.74,,0.55%
4/25/2011,76.32,76.32,76.32,76.32,,0.83%
4/22/2011,75.69,75.69,75.69,75.69,,-0.77%
4/21/2011,76.28,76.28,76.28,76.28,,1.20%
4/20/2011,75.38,75.38,75.38,75.38,,1.33%
4/19/2011,74.39,74.39,74.39,74.39,,-0.44%
4/18/2011,74.72,74.72,74.72,74.72,,0.42%
4/15/2011,74.41,74.41,74.41,74.41,,-0.17%
4/14/2011,74.54,74.54,74.54,74.54,,0.41%
4/13/2011,74.23,74.23,74.23,74.23,,0.79%
4/12/2011,73.65,73.65,73.65,73.65,,-0.52%
4/11/2011,74.04,74.04,74.04,74.04,,-0.56%
4/8/2011,74.46,74.46,74.46,74.46,,1.27%
4/7/2011,73.52,73.52,73.52,73.52,,0.62%
4/6/2011,73.07,73.07,73.07,73.07,,-0.44%
4/5/2011,73.39,73.39,73.39,73.39,,0.09%
4/4/2011,73.33,73.33,73.33,73.33,,-0.37%
4/1/2011,73.6,73.6,73.6,73.6,,-0.10%
3/31/2011,73.67,73.67,73.67,73.67,,0.36%
3/30/2011,73.41,73.41,73.41,73.41,,0.29%
3/29/2011,73.2,73.2,73.2,73.2,,0.32%
3/28/2011,72.96,72.96,72.96,72.96,,-0.47%
3/25/2011,73.31,73.31,73.31,73.31,,1.00%
3/24/2011,72.59,72.59,72.59,72.59,,-0.11%
3/23/2011,72.67,72.67,72.67,72.67,,-0.04%
3/22/2011,72.7,72.7,72.7,72.7,,0.98%
3/21/2011,71.99,71.99,71.99,71.99,,0.10%
3/18/2011,71.92,71.92,71.92,71.92,,2.13%
3/17/2011,70.42,70.42,70.42,70.42,,0.59%
3/16/2011,70,70,70,70,,-1.30%
3/15/2011,70.93,70.93,70.93,70.93,,-2.50%
3/14/2011,72.74,72.74,72.74,72.74,,-0.24%
3/11/2011,72.92,72.92,72.92,72.92,,1.52%
3/10/2011,71.83,71.83,71.83,71.83,,-0.58%
3/9/2011,72.25,72.25,72.25,72.25,,-0.09%
3/8/2011,72.31,72.31,72.31,72.31,,-0.09%
3/7/2011,72.37,72.37,72.37,72.37,,-0.18%
3/4/2011,72.5,72.5,72.5,72.5,,-0.14%
3/3/2011,72.6,72.6,72.6,72.6,,0.04%
3/2/2011,72.57,72.57,72.57,72.57,,0.26%
3/1/2011,72.39,72.39,72.39,72.39,,-1.16%
2/28/2011,73.24,73.24,73.24,73.24,,-0.04%
2/25/2011,73.27,73.27,73.27,73.27,,0.47%
2/24/2011,72.92,72.92,72.92,72.92,,2.36%
2/23/2011,71.24,71.24,71.24,71.24,,-0.86%
2/22/2011,71.86,71.86,71.86,71.86,,-0.35%
2/21/2011,72.11,72.11,72.11,72.11,,-1.02%
2/18/2011,72.85,72.85,72.85,72.85,,-0.02%
2/17/2011,72.87,72.87,72.87,72.87,,1.43%
2/16/2011,71.84,71.84,71.84,71.84,,0.77%
2/15/2011,71.29,71.29,71.29,71.29,,-0.72%
2/14/2011,71.81,71.81,71.81,71.81,,-1.30%
2/11/2011,72.76,72.76,72.76,72.76,,-0.94%
2/10/2011,73.45,73.45,73.45,73.45,,0.49%
2/9/2011,73.09,73.09,73.09,73.09,,0.11%
2/8/2011,73.01,73.01,73.01,73.01,,0.64%
2/7/2011,72.54,72.54,72.54,72.54,,-0.68%
2/4/2011,73.04,73.04,73.04,73.04,,-0.76%
2/3/2011,73.6,73.6,73.6,73.6,,0.70%
2/2/2011,73.09,73.09,73.09,73.09,,0.19%
2/1/2011,72.95,72.95,72.95,72.95,,1.16%
1/31/2011,72.11,72.11,72.11,72.11,,0.67%
1/28/2011,71.63,71.63,71.63,71.63,,0.89%
1/27/2011,71,71,71,71,,-1.07%
1/26/2011,71.76,71.76,71.76,71.76,,-0.95%
1/25/2011,72.45,72.45,72.45,72.45,,0.02%
1/24/2011,72.44,72.44,72.44,72.44,,1.03%
1/21/2011,71.7,71.7,71.7,71.7,,0.28%
1/20/2011,71.5,71.5,71.5,71.5,,-1.04%
1/19/2011,72.24,72.24,72.24,72.24,,0.37%
1/18/2011,71.98,71.98,71.98,71.98,,0.11%
1/17/2011,71.9,71.9,71.9,71.9,,0.80%
1/14/2011,71.33,71.33,71.33,71.33,,-0.43%
1/13/2011,71.63,71.63,71.63,71.63,,0.30%
1/12/2011,71.42,71.42,71.42,71.42,,1.61%
1/11/2011,70.28,70.28,70.28,70.28,,-2.24%
1/10/2011,71.89,71.89,71.89,71.89,,0.05%
1/7/2011,71.86,71.86,71.86,71.86,,0.56%
1/6/2011,71.46,71.46,71.46,71.46,,-0.75%
1/5/2011,72,72,72,72,,0.18%
1/4/2011,71.87,71.87,71.87,71.87,,-0.43%
1/3/2011,72.18,72.18,72.18,72.18,,-0.40%
12/31/2010,72.47,72.47,72.47,72.47,,-0.24%
12/30/2010,72.64,72.64,72.64,72.64,,-0.22%
12/29/2010,72.8,72.8,72.8,72.8,,0.66%
12/28/2010,72.32,72.32,72.32,72.32,,0.15%
12/27/2010,72.21,72.21,72.21,72.21,,0.40%
12/24/2010,71.92,71.92,71.92,71.92,,-0.22%
12/23/2010,72.09,72.09,72.09,72.09,,0.64%
12/22/2010,71.63,71.63,71.63,71.63,,-0.02%
12/21/2010,71.64,71.64,71.64,71.64,,-0.19%
12/20/2010,71.78,71.78,71.78,71.78,,0.76%
12/17/2010,71.24,71.24,71.24,71.24,,-0.01%
12/16/2010,71.24,71.24,71.24,71.24,,0.21%
12/15/2010,71.09,71.09,71.09,71.09,,-0.37%
12/14/2010,71.36,71.36,71.36,71.36,,0.00%
12/13/2010,71.36,71.36,71.36,71.36,,1.15%
12/10/2010,70.54,70.54,70.54,70.54,,-0.25%
12/9/2010,70.72,70.72,70.72,70.72,,0.92%
12/8/2010,70.08,70.08,70.08,70.08,,0.41%
12/7/2010,69.79,69.79,69.79,69.79,,-1.31%
12/6/2010,70.71,70.71,70.71,70.71,,-0.56%
12/3/2010,71.11,71.11,71.11,71.11,,1.31%
12/2/2010,70.19,70.19,70.19,70.19,,0.48%
12/1/2010,69.86,69.86,69.86,69.86,,0.07%
11/30/2010,69.81,69.81,69.81,69.81,,-0.70%
11/29/2010,70.31,70.31,70.31,70.31,,0.07%
11/26/2010,70.26,70.26,70.26,70.26,,-0.94%
11/25/2010,70.92,70.92,70.92,70.92,,-0.56%
11/24/2010,71.33,71.33,71.33,71.33,,1.29%
11/23/2010,70.42,70.42,70.42,70.42,,-1.31%
11/22/2010,71.35,71.35,71.35,71.35,,0.53%
11/19/2010,70.98,70.98,70.98,70.98,,-0.16%
11/18/2010,71.09,71.09,71.09,71.09,,2.16%
11/17/2010,69.59,69.59,69.59,69.59,,0.15%
11/16/2010,69.48,69.48,69.48,69.48,,-1.83%
11/15/2010,70.78,70.78,70.78,70.78,,0.78%
11/12/2010,70.23,70.23,70.23,70.23,,0.02%
11/11/2010,70.22,70.22,70.22,70.22,,-0.82%
11/10/2010,70.8,70.8,70.8,70.8,,0.25%
11/9/2010,70.62,70.62,70.62,70.62,,0.12%
11/8/2010,70.54,70.54,70.54,70.54,,-0.01%
11/5/2010,70.54,70.54,70.54,70.54,,0.19%
11/4/2010,70.41,70.41,70.41,70.41,,-0.64%
11/3/2010,70.86,70.86,70.86,70.86,,0.58%
11/2/2010,70.45,70.45,70.45,70.45,,1.03%
11/1/2010,69.74,69.74,69.74,69.74,,-0.22%
10/29/2010,69.89,69.89,69.89,69.89,,0.90%
10/28/2010,69.27,69.27,69.27,69.27,,0.90%
10/27/2010,68.65,68.65,68.65,68.65,,-0.09%
10/26/2010,68.71,68.71,68.71,68.71,,-1.63%
10/25/2010,69.85,69.85,69.85,69.85,,0.34%
10/22/2010,69.61,69.61,69.61,69.61,,1.10%
10/21/2010,68.85,68.85,68.85,68.85,,0.10%
10/20/2010,68.79,68.79,68.79,68.79,,0.73%
10/19/2010,68.29,68.29,68.29,68.29,,-1.05%
10/18/2010,69.01,69.01,69.01,69.01,,-0.60%
10/15/2010,69.42,69.42,69.42,69.42,,0.72%
10/14/2010,68.92,68.92,68.92,68.92,,-0.58%
10/13/2010,69.33,69.33,69.33,69.33,,0.26%
10/12/2010,69.15,69.15,69.15,69.15,,-0.31%
10/11/2010,69.36,69.36,69.36,69.36,,0.44%
10/8/2010,69.05,69.05,69.05,69.05,,0.14%
10/7/2010,68.96,68.96,68.96,68.96,,0.61%
10/6/2010,68.54,68.54,68.54,68.54,,-3.17%
10/5/2010,70.78,70.78,70.78,70.78,,4.49%
10/4/2010,67.74,67.74,67.74,67.74,,-1.14%
10/1/2010,68.52,68.52,68.52,68.52,,0.29%
9/30/2010,68.32,68.32,68.32,68.32,,-0.20%
9/29/2010,68.45,68.45,68.45,68.45,,0.23%
9/28/2010,68.3,68.3,68.3,68.3,,-0.61%
9/27/2010,68.72,68.72,68.72,68.72,,0.07%
9/24/2010,68.67,68.67,68.67,68.67,,0.50%
9/23/2010,68.33,68.33,68.33,68.33,,-0.81%
9/22/2010,68.88,68.88,68.88,68.88,,-0.43%
9/21/2010,69.18,69.18,69.18,69.18,,1.36%
9/20/2010,68.25,68.25,68.25,68.25,,0.11%
9/17/2010,68.18,68.18,68.18,68.18,,-0.70%
9/16/2010,68.66,68.66,68.66,68.66,,0.42%
9/15/2010,68.37,68.37,68.37,68.37,,-0.13%
9/14/2010,68.46,68.46,68.46,68.46,,-0.26%
9/13/2010,68.64,68.64,68.64,68.64,,1.69%
9/10/2010,67.51,67.51,67.51,67.51,,0.37%
9/9/2010,67.26,67.26,67.26,67.26,,-0.74%
9/8/2010,67.76,67.76,67.76,67.76,,-0.01%
9/7/2010,67.77,67.77,67.77,67.77,,-0.10%
9/6/2010,67.84,67.84,67.84,67.84,,1.23%
9/3/2010,67.01,67.01,67.01,67.01,,-0.93%
9/2/2010,67.64,67.64,67.64,67.64,,-0.20%
9/1/2010,67.78,67.78,67.78,67.78,,3.58%
8/31/2010,65.43,65.43,65.43,65.43,,-0.17%
8/30/2010,65.54,65.54,65.54,65.54,,-0.74%
8/27/2010,66.03,66.03,66.03,66.03,,0.06%
8/26/2010,65.99,65.99,65.99,65.99,,1.64%
8/25/2010,64.93,64.93,64.93,64.93,,0.19%
8/24/2010,64.8,64.8,64.8,64.8,,-0.99%
8/23/2010,65.45,65.45,65.45,65.45,,-1.30%
8/20/2010,66.31,66.31,66.31,66.31,,1.11%
8/19/2010,65.58,65.58,65.58,65.58,,-1.39%
8/18/2010,66.5,66.5,66.5,66.5,,-0.04%
8/17/2010,66.53,66.53,66.53,66.53,,-0.40%
8/16/2010,66.79,66.79,66.79,66.79,,1.61%
8/13/2010,65.74,65.74,65.74,65.74,,0.28%
8/12/2010,65.55,65.55,65.55,65.55,,-0.01%
8/11/2010,65.56,65.56,65.56,65.56,,-1.92%
8/10/2010,66.84,66.84,66.84,66.84,,-0.46%
8/9/2010,67.15,67.15,67.15,67.15,,-0.28%
8/6/2010,67.34,67.34,67.34,67.34,,0.24%
8/5/2010,67.17,67.17,67.17,67.17,,-0.46%
8/4/2010,67.49,67.49,67.49,67.49,,0.80%
8/3/2010,66.95,66.95,66.95,66.95,,-0.24%
8/2/2010,67.11,67.11,67.11,67.11,,0.66%
7/30/2010,66.67,66.67,66.67,66.67,,0.13%
7/29/2010,66.59,66.59,66.59,66.59,,0.60%
7/28/2010,66.19,66.19,66.19,66.19,,-0.96%
7/27/2010,66.83,66.83,66.83,66.83,,-1.63%
7/26/2010,67.94,67.94,67.94,67.94,,1.70%
7/23/2010,66.8,66.8,66.8,66.8,,-0.17%
7/22/2010,66.92,66.92,66.92,66.92,,1.74%
7/21/2010,65.77,65.77,65.77,65.77,,-1.08%
7/20/2010,66.49,66.49,66.49,66.49,,2.24%
7/19/2010,65.03,65.03,65.03,65.03,,0.67%
7/16/2010,64.6,64.6,64.6,64.6,,-1.33%
7/15/2010,65.47,65.47,65.47,65.47,,-0.26%
7/14/2010,65.63,65.63,65.63,65.63,,-0.67%
7/13/2010,66.07,66.07,66.07,66.07,,1.54%
7/12/2010,65.07,65.07,65.07,65.07,,0.01%
7/9/2010,65.07,65.07,65.07,65.07,,-0.41%
7/8/2010,65.34,65.34,65.34,65.34,,1.16%
7/7/2010,64.59,64.59,64.59,64.59,,1.59%
7/6/2010,63.58,63.58,63.58,63.58,,1.85%
7/5/2010,62.42,62.42,62.42,62.42,,-0.19%
7/2/2010,62.54,62.54,62.54,62.54,,0.21%
7/1/2010,62.41,62.41,62.41,62.41,,0.67%
6/30/2010,61.99,61.99,61.99,61.99,,-0.87%
6/29/2010,62.54,62.54,62.54,62.54,,-2.32%
6/28/2010,64.02,64.02,64.02,64.02,,-0.48%
6/25/2010,64.33,64.33,64.33,64.33,,-0.22%
6/24/2010,64.47,64.47,64.47,64.47,,0.55%
6/23/2010,64.12,64.12,64.12,64.12,,0.01%
6/22/2010,64.11,64.11,64.11,64.11,,0.73%
6/21/2010,63.65,63.65,63.65,63.65,,-0.53%
6/18/2010,63.99,63.99,63.99,63.99,,0.19%
6/17/2010,63.87,63.87,63.87,63.87,,0.00%
6/16/2010,63.87,63.87,63.87,63.87,,-0.24%
6/15/2010,64.02,64.02,64.02,64.02,,1.05%
6/14/2010,63.36,63.36,63.36,63.36,,0.13%
6/11/2010,63.28,63.28,63.28,63.28,,-0.10%
6/10/2010,63.35,63.35,63.35,63.35,,2.41%
6/9/2010,61.85,61.85,61.85,61.85,,0.25%
6/8/2010,61.7,61.7,61.7,61.7,,1.88%
6/7/2010,60.56,60.56,60.56,60.56,,-1.21%
6/4/2010,61.3,61.3,61.3,61.3,,-2.00%
6/3/2010,62.55,62.55,62.55,62.55,,-0.40%
6/2/2010,62.8,62.8,62.8,62.8,,0.70%
6/1/2010,62.37,62.37,62.37,62.37,,0.00%
5/31/2010,62.36,62.36,62.36,62.36,,-0.07%
5/28/2010,62.4,62.4,62.4,62.4,,-0.78%
5/27/2010,62.89,62.89,62.89,62.89,,1.92%
5/26/2010,61.71,61.71,61.71,61.71,,-1.83%
5/25/2010,62.86,62.86,62.86,62.86,,2.16%
5/24/2010,61.53,61.53,61.53,61.53,,-0.93%
5/21/2010,62.11,62.11,62.11,62.11,,2.36%
5/20/2010,60.67,60.67,60.67,60.67,,-2.86%
5/19/2010,62.46,62.46,62.46,62.46,,-0.02%
5/18/2010,62.47,62.47,62.47,62.47,,-1.73%
5/17/2010,63.57,63.57,63.57,63.57,,-0.10%
5/14/2010,63.64,63.64,63.64,63.64,,-0.73%
5/13/2010,64.11,64.11,64.11,64.11,,0.10%
5/12/2010,64.04,64.04,64.04,64.04,,-0.47%
5/11/2010,64.34,64.34,64.34,64.34,,0.01%
5/10/2010,64.33,64.33,64.33,64.33,,0.25%
5/7/2010,64.18,64.18,64.18,64.18,,0.70%
5/6/2010,63.73,63.73,63.73,63.73,,-1.35%
5/5/2010,64.6,64.6,64.6,64.6,,0.36%
5/4/2010,64.37,64.37,64.37,64.37,,-1.76%
5/3/2010,65.52,65.52,65.52,65.52,,0.57%
4/30/2010,65.15,65.15,65.15,65.15,,-0.63%
4/29/2010,65.57,65.57,65.57,65.57,,-0.08%
4/28/2010,65.62,65.62,65.62,65.62,,0.90%
4/27/2010,65.04,65.04,65.04,65.04,,-0.48%
4/26/2010,65.35,65.35,65.35,65.35,,-0.20%
4/23/2010,65.48,65.48,65.48,65.48,,-0.22%
4/22/2010,65.62,65.62,65.62,65.62,,0.14%
4/21/2010,65.53,65.53,65.53,65.53,,-0.42%
4/20/2010,65.8,65.8,65.8,65.8,,-0.49%
4/19/2010,66.13,66.13,66.13,66.13,,1.61%
4/16/2010,65.08,65.08,65.08,65.08,,-1.41%
4/15/2010,66.01,66.01,66.01,66.01,,-0.07%
4/14/2010,66.06,66.06,66.06,66.06,,0.68%
4/13/2010,65.61,65.61,65.61,65.61,,0.27%
4/12/2010,65.44,65.44,65.44,65.44,,-0.30%
4/9/2010,65.64,65.64,65.64,65.64,,-0.67%
4/8/2010,66.08,66.08,66.08,66.08,,0.76%
4/7/2010,65.58,65.58,65.58,65.58,,0.08%
4/6/2010,65.53,65.53,65.53,65.53,,0.72%
4/5/2010,65.06,65.06,65.06,65.06,,0.23%
4/2/2010,64.91,64.91,64.91,64.91,,-0.88%
4/1/2010,65.49,65.49,65.49,65.49,,0.45%
3/31/2010,65.2,65.2,65.2,65.2,,-1.23%
3/30/2010,66.01,66.01,66.01,66.01,,0.74%
3/29/2010,65.52,65.52,65.52,65.52,,0.85%
3/26/2010,64.97,64.97,64.97,64.97,,-0.35%
3/25/2010,65.2,65.2,65.2,65.2,,-0.76%
3/24/2010,65.7,65.7,65.7,65.7,,-0.47%
3/23/2010,66.01,66.01,66.01,66.01,,-0.68%
3/22/2010,66.46,66.46,66.46,66.46,,0.42%
3/19/2010,66.19,66.19,66.19,66.19,,-0.43%
3/18/2010,66.47,66.47,66.47,66.47,,-0.07%
3/17/2010,66.52,66.52,66.52,66.52,,-0.70%
3/16/2010,66.99,66.99,66.99,66.99,,0.47%
3/15/2010,66.67,66.67,66.67,66.67,,0.90%
3/12/2010,66.08,66.08,66.08,66.08,,-0.39%
3/11/2010,66.34,66.34,66.34,66.34,,0.58%
3/10/2010,65.95,65.95,65.95,65.95,,-0.44%
3/9/2010,66.24,66.24,66.24,66.24,,0.73%
3/8/2010,65.76,65.76,65.76,65.76,,-0.61%
3/5/2010,66.17,66.17,66.17,66.17,,0.93%
3/4/2010,65.56,65.56,65.56,65.56,,-0.58%
3/3/2010,65.94,65.94,65.94,65.94,,-0.33%
3/2/2010,66.16,66.16,66.16,66.16,,0.23%
3/1/2010,66.01,66.01,66.01,66.01,,0.72%
2/26/2010,65.54,65.54,65.54,65.54,,0.04%
2/25/2010,65.51,65.51,65.51,65.51,,-0.33%
2/24/2010,65.73,65.73,65.73,65.73,,0.51%
2/23/2010,65.39,65.39,65.39,65.39,,-1.09%
2/22/2010,66.11,66.11,66.11,66.11,,-0.01%
2/19/2010,66.12,66.12,66.12,66.12,,-0.30%
2/18/2010,66.32,66.32,66.32,66.32,,0.60%
2/17/2010,65.92,65.92,65.92,65.92,,-0.47%
2/16/2010,66.24,66.24,66.24,66.24,,1.20%
2/15/2010,65.45,65.45,65.45,65.45,,-0.77%
2/12/2010,65.95,65.95,65.95,65.95,,0.20%
2/11/2010,65.82,65.82,65.82,65.82,,1.80%
2/10/2010,64.65,64.65,64.65,64.65,,-0.67%
2/9/2010,65.09,65.09,65.09,65.09,,1.20%
2/8/2010,64.32,64.32,64.32,64.32,,-0.15%
2/5/2010,64.41,64.41,64.41,64.41,,1.44%
2/4/2010,63.5,63.5,63.5,63.5,,-1.55%
2/3/2010,64.5,64.5,64.5,64.5,,0.08%
2/2/2010,64.45,64.45,64.45,64.45,,-0.04%
2/1/2010,64.47,64.47,64.47,64.47,,-0.65%
1/29/2010,64.9,64.9,64.9,64.9,,-1.38%
1/28/2010,65.8,65.8,65.8,65.8,,1.16%
1/27/2010,65.04,65.04,65.04,65.04,,0.12%
1/26/2010,64.96,64.96,64.96,64.96,,-0.63%
1/25/2010,65.38,65.38,65.38,65.38,,-1.04%
1/22/2010,66.07,66.07,66.07,66.07,,1.41%
1/21/2010,65.15,65.15,65.15,65.15,,-1.39%
1/20/2010,66.06,66.06,66.06,66.06,,-1.22%
1/19/2010,66.88,66.88,66.88,66.88,,-0.46%
1/18/2010,67.18,67.18,67.18,67.18,,0.92%
1/15/2010,66.57,66.57,66.57,66.57,,-1.46%
1/14/2010,67.56,67.56,67.56,67.56,,0.89%
1/13/2010,66.97,66.97,66.97,66.97,,0.37%
1/12/2010,66.72,66.72,66.72,66.72,,-1.20%
1/11/2010,67.53,67.53,67.53,67.53,,1.29%
1/8/2010,66.67,66.67,66.67,66.67,,0.88%
1/7/2010,66.09,66.09,66.09,66.09,,-0.92%
1/6/2010,66.71,66.71,66.71,66.71,,-0.63%
1/5/2010,67.13,67.13,67.13,67.13,,-0.52%
1/4/2010,67.48,67.48,67.48,67.48,,0.87%
1/1/2010,66.9,66.9,66.9,66.9,,1.28%
